depth,optimizer,batch_size,batch_label,lr,seed,score_best_val_bpb,final_val_bpb,train_loss_final,steps_completed,max_steps,eval_time_seconds,error,precondition_frequency,architecture,path
12,adamw,524288,512K,0.005,42,0.9027575850736543,0.9027575850736543,2.976992501063494,6480.0,6480,552.2665905952454,,5,gpt2,results/d12-d16-base-opt-sweep/extracted/search_evals/d12_opt_baselines_001/adamw_bsz524288_lr0p005_s42/result.json
12,adamw,524288,512K,0.0075,42,2.135796599872629,2.135796599872629,6.959333550251502,6480.0,6480,592.104252576828,,5,gpt2,results/d12-d16-base-opt-sweep/extracted/search_evals/d12_opt_baselines_001/adamw_bsz524288_lr0p0075_s42/result.json
12,adamw,524288,512K,0.01,42,2.157529401522583,2.157529401522583,7.038194466237559,6480.0,6480,576.306370973587,,5,gpt2,results/d12-d16-base-opt-sweep/extracted/search_evals/d12_opt_baselines_001/adamw_bsz524288_lr0p01_s42/result.json
12,adamw,524288,512K,0.015,42,2.217741349638787,2.217741349638787,7.235289788757321,6480.0,6480,546.8078348636627,,5,gpt2,results/d12-d16-base-opt-sweep/extracted/search_evals/d12_opt_baselines_001/adamw_bsz524288_lr0p015_s42/result.json
12,adamw,524288,512K,0.02,42,2.2095817852219444,2.2095817852219444,7.2087846784935685,6480.0,6480,547.842301607132,,5,gpt2,results/d12-d16-base-opt-sweep/extracted/search_evals/d12_opt_baselines_001/adamw_bsz524288_lr0p02_s42/result.json
12,adamw,524288,512K,0.03,42,2.224714621642589,2.224714621642589,7.2572286732361935,6480.0,6480,558.3167459964752,,5,gpt2,results/d12-d16-base-opt-sweep/extracted/search_evals/d12_opt_baselines_001/adamw_bsz524288_lr0p03_s42/result.json
12,adamw,524288,512K,0.04,42,2.255906460476029,2.255906460476029,7.361193431195511,6480.0,6480,517.0785458087921,,5,gpt2,results/d12-d16-base-opt-sweep/extracted/search_evals/d12_opt_baselines_001/adamw_bsz524288_lr0p04_s42/result.json
12,adamw,2097152,2M,0.005,42,1.9862233281917556,2.1402016487950832,6.9873091117089094,1620.0,1620,867.4955306053162,,5,gpt2,results/d12-d16-base-opt-sweep/extracted/search_evals/d12_opt_baselines_001/adamw_bsz2097152_lr0p005_s42/result.json
12,adamw,2097152,2M,0.0075,42,2.0250110034324207,2.197284544164844,7.174227071004951,1620.0,1620,883.3926868438721,,5,gpt2,results/d12-d16-base-opt-sweep/extracted/search_evals/d12_opt_baselines_001/adamw_bsz2097152_lr0p0075_s42/result.json
12,adamw,2097152,2M,0.01,42,2.029604154914382,2.2027741536076006,7.197801638616232,1620.0,1620,869.9545936584473,,5,gpt2,results/d12-d16-base-opt-sweep/extracted/search_evals/d12_opt_baselines_001/adamw_bsz2097152_lr0p01_s42/result.json
12,adamw,2097152,2M,0.015,42,2.100720109875742,2.241467197899608,7.32476204745046,1620.0,1620,855.8415153026581,,5,gpt2,results/d12-d16-base-opt-sweep/extracted/search_evals/d12_opt_baselines_001/adamw_bsz2097152_lr0p015_s42/result.json
12,adamw,2097152,2M,0.02,42,2.096276368053913,2.197104991721678,7.174244809956998,1620.0,1620,869.1736636161804,,5,gpt2,results/d12-d16-base-opt-sweep/extracted/search_evals/d12_opt_baselines_001/adamw_bsz2097152_lr0p02_s42/result.json
12,adamw,2097152,2M,0.03,42,2.125467334746276,2.2208106964880674,7.254430209471978,1620.0,1620,882.0837109088898,,5,gpt2,results/d12-d16-base-opt-sweep/extracted/search_evals/d12_opt_baselines_001/adamw_bsz2097152_lr0p03_s42/result.json
12,adamw,2097152,2M,0.04,42,2.1502997709457703,2.2373025666552917,7.310135066851282,1620.0,1620,857.9298615455627,,5,gpt2,results/d12-d16-base-opt-sweep/extracted/search_evals/d12_opt_baselines_001/adamw_bsz2097152_lr0p04_s42/result.json
12,adamw,8388608,8M,0.005,42,1.9702215680832789,2.019685585206861,6.604831469119454,405.0,405,791.9801874160767,,5,gpt2,results/d12-d16-base-opt-sweep/extracted/search_evals/d12_opt_baselines_001/adamw_bsz8388608_lr0p005_s42/result.json
12,adamw,8388608,8M,0.0075,42,2.01454261776899,2.0436850371906017,6.684211203236773,405.0,405,768.324413061142,,5,gpt2,results/d12-d16-base-opt-sweep/extracted/search_evals/d12_opt_baselines_001/adamw_bsz8388608_lr0p0075_s42/result.json
12,adamw,8388608,8M,0.01,42,2.015437336723072,2.0175687792848858,6.584569377081411,405.0,405,773.8783564567566,,5,gpt2,results/d12-d16-base-opt-sweep/extracted/search_evals/d12_opt_baselines_001/adamw_bsz8388608_lr0p01_s42/result.json
12,adamw,8388608,8M,0.015,42,2.07341625530195,2.084227949874066,6.8112546741601445,405.0,405,785.9873096942902,,5,gpt2,results/d12-d16-base-opt-sweep/extracted/search_evals/d12_opt_baselines_001/adamw_bsz8388608_lr0p015_s42/result.json
12,adamw,8388608,8M,0.02,42,2.121009246119061,2.121009246119061,6.93254590503976,405.0,405,786.250408411026,,5,gpt2,results/d12-d16-base-opt-sweep/extracted/search_evals/d12_opt_baselines_001/adamw_bsz8388608_lr0p02_s42/result.json
12,adamw,8388608,8M,0.03,42,2.088340410916978,2.1749374383933553,7.113504543969688,405.0,405,1155.9742166996002,,5,gpt2,results/d12-d16-base-opt-sweep/extracted/search_evals/d12_opt_baselines_001/adamw_bsz8388608_lr0p03_s42/result.json
12,adamw,8388608,8M,0.04,42,2.1391833154471183,2.197251213202836,7.177936525763774,405.0,405,771.2929992675781,,5,gpt2,results/d12-d16-base-opt-sweep/extracted/search_evals/d12_opt_baselines_001/adamw_bsz8388608_lr0p04_s42/result.json
12,kl_shampoo,524288,512K,0.005,42,0.9213658264111754,0.9213658264111754,3.036395972407122,6480.0,6480,3320.0101823806763,,5,gpt2,results/d12-d16-base-opt-sweep/extracted/search_evals/d12_opt_baselines_001/kl_shampoo_bsz524288_lr0p005_s42/result.json
12,kl_shampoo,524288,512K,0.0075,42,1.1471297644777758,1.1996549406273624,3.9404412176161703,6480.0,6480,3310.1066217422485,,5,gpt2,results/d12-d16-base-opt-sweep/extracted/search_evals/d12_opt_baselines_001/kl_shampoo_bsz524288_lr0p0075_s42/result.json
12,kl_shampoo,524288,512K,0.01,42,1.0040601605294535,1.0040601605294535,3.306178094328277,6480.0,6480,3340.1610152721405,,5,gpt2,results/d12-d16-base-opt-sweep/extracted/search_evals/d12_opt_baselines_001/kl_shampoo_bsz524288_lr0p01_s42/result.json
12,kl_shampoo,524288,512K,0.015,42,1.4127964433814433,1.4127964433814433,4.641870504823387,6480.0,6480,3328.6512212753296,,5,gpt2,results/d12-d16-base-opt-sweep/extracted/search_evals/d12_opt_baselines_001/kl_shampoo_bsz524288_lr0p015_s42/result.json
12,kl_shampoo,524288,512K,0.02,42,1.3643797430510503,1.3643797430510503,4.468562553081257,6480.0,6480,3314.7653257846832,,5,gpt2,results/d12-d16-base-opt-sweep/extracted/search_evals/d12_opt_baselines_001/kl_shampoo_bsz524288_lr0p02_s42/result.json
12,kl_shampoo,524288,512K,0.03,42,2.4095677021885993,,,6480.0,6480,3162.4501900672913,,5,gpt2,results/d12-d16-base-opt-sweep/extracted/search_evals/d12_opt_baselines_001/kl_shampoo_bsz524288_lr0p03_s42/result.json
12,kl_shampoo,524288,512K,0.04,42,2.262691050251419,,,6480.0,6480,3177.5695436000824,,5,gpt2,results/d12-d16-base-opt-sweep/extracted/search_evals/d12_opt_baselines_001/kl_shampoo_bsz524288_lr0p04_s42/result.json
12,kl_shampoo,2097152,2M,0.005,42,1.6042844142082588,1.645791606114344,5.399318676036758,1620.0,1620,1411.0464367866516,,5,gpt2,results/d12-d16-base-opt-sweep/extracted/search_evals/d12_opt_baselines_001/kl_shampoo_bsz2097152_lr0p005_s42/result.json
12,kl_shampoo,2097152,2M,0.0075,42,1.1012958514099562,1.1012958514099562,3.6199616085358444,1620.0,1620,1419.3105416297913,,5,gpt2,results/d12-d16-base-opt-sweep/extracted/search_evals/d12_opt_baselines_001/kl_shampoo_bsz2097152_lr0p0075_s42/result.json
12,kl_shampoo,2097152,2M,0.01,42,1.2400764126753359,1.2400764126753359,4.082313671947296,1620.0,1620,1409.1206324100494,,5,gpt2,results/d12-d16-base-opt-sweep/extracted/search_evals/d12_opt_baselines_001/kl_shampoo_bsz2097152_lr0p01_s42/result.json
12,kl_shampoo,2097152,2M,0.015,42,2.1565503407428976,2.284047646782358,7.484482640221207,1620.0,1620,1429.114291191101,,5,gpt2,results/d12-d16-base-opt-sweep/extracted/search_evals/d12_opt_baselines_001/kl_shampoo_bsz2097152_lr0p015_s42/result.json
12,kl_shampoo,2097152,2M,0.02,42,2.087444532625087,2.1054135440781803,6.8772151408087385,1620.0,1620,1421.4631304740906,,5,gpt2,results/d12-d16-base-opt-sweep/extracted/search_evals/d12_opt_baselines_001/kl_shampoo_bsz2097152_lr0p02_s42/result.json
12,kl_shampoo,2097152,2M,0.03,42,2.0608535258865928,2.10455650360289,6.885640336448266,1620.0,1620,1408.5259964466095,,5,gpt2,results/d12-d16-base-opt-sweep/extracted/search_evals/d12_opt_baselines_001/kl_shampoo_bsz2097152_lr0p03_s42/result.json
12,kl_shampoo,2097152,2M,0.04,42,2.0261303440869933,2.185279166401155,7.142991259933662,1620.0,1620,1400.4407413005829,,5,gpt2,results/d12-d16-base-opt-sweep/extracted/search_evals/d12_opt_baselines_001/kl_shampoo_bsz2097152_lr0p04_s42/result.json
12,kl_shampoo,8388608,8M,0.005,42,1.274230069776273,1.274230069776273,4.248611108032699,405.0,405,937.7875323295593,,5,gpt2,results/d12-d16-base-opt-sweep/extracted/search_evals/d12_opt_baselines_001/kl_shampoo_bsz8388608_lr0p005_s42/result.json
12,kl_shampoo,8388608,8M,0.0075,42,1.404433415179124,1.404433415179124,4.673173021748097,405.0,405,927.1311211585999,,5,gpt2,results/d12-d16-base-opt-sweep/extracted/search_evals/d12_opt_baselines_001/kl_shampoo_bsz8388608_lr0p0075_s42/result.json
12,kl_shampoo,8388608,8M,0.01,42,1.714002695278073,2.372253835137603,7.767552398921818,405.0,405,914.4713368415833,,5,gpt2,results/d12-d16-base-opt-sweep/extracted/search_evals/d12_opt_baselines_001/kl_shampoo_bsz8388608_lr0p01_s42/result.json
12,kl_shampoo,8388608,8M,0.015,42,1.3938754706699492,1.3938754706699492,4.652879611080628,405.0,405,910.8232381343842,,5,gpt2,results/d12-d16-base-opt-sweep/extracted/search_evals/d12_opt_baselines_001/kl_shampoo_bsz8388608_lr0p015_s42/result.json
12,kl_shampoo,8388608,8M,0.02,42,1.5924780077960365,1.5924780077960365,5.300950766756449,405.0,405,926.647203207016,,5,gpt2,results/d12-d16-base-opt-sweep/extracted/search_evals/d12_opt_baselines_001/kl_shampoo_bsz8388608_lr0p02_s42/result.json
12,kl_shampoo,8388608,8M,0.03,42,1.7343137140225364,1.9368835051309607,6.37614052685494,405.0,405,925.2210648059845,,5,gpt2,results/d12-d16-base-opt-sweep/extracted/search_evals/d12_opt_baselines_001/kl_shampoo_bsz8388608_lr0p03_s42/result.json
12,kl_shampoo,8388608,8M,0.04,42,1.7169519057468974,2.0197032651084483,6.617544373617866,405.0,405,930.0233399868011,,5,gpt2,results/d12-d16-base-opt-sweep/extracted/search_evals/d12_opt_baselines_001/kl_shampoo_bsz8388608_lr0p04_s42/result.json
12,kl_soap,524288,512K,0.005,42,2.2136613500545264,2.2446927655186486,7.342575635398512,6480.0,6480,3412.128970861435,,5,gpt2,results/d12-d16-base-opt-sweep/extracted/search_evals/d12_opt_baselines_001/kl_soap_bsz524288_lr0p005_s42/result.json
12,kl_soap,524288,512K,0.0075,42,2.205302524451765,2.205302524451765,7.217527223041126,6480.0,6480,3380.2160868644714,,5,gpt2,results/d12-d16-base-opt-sweep/extracted/search_evals/d12_opt_baselines_001/kl_soap_bsz524288_lr0p0075_s42/result.json
12,kl_soap,524288,512K,0.01,42,2.189605380352598,2.209876691777104,7.225996178979548,6480.0,6480,3374.47590303421,,5,gpt2,results/d12-d16-base-opt-sweep/extracted/search_evals/d12_opt_baselines_001/kl_soap_bsz524288_lr0p01_s42/result.json
12,kl_soap,524288,512K,0.015,42,2.209175582237122,2.209175582237122,7.220434152396419,6480.0,6480,3394.996122121811,,5,gpt2,results/d12-d16-base-opt-sweep/extracted/search_evals/d12_opt_baselines_001/kl_soap_bsz524288_lr0p015_s42/result.json
12,kl_soap,524288,512K,0.02,42,2.2212425498219135,2.2212425498219135,7.259170232674879,6480.0,6480,3391.152792453766,,5,gpt2,results/d12-d16-base-opt-sweep/extracted/search_evals/d12_opt_baselines_001/kl_soap_bsz524288_lr0p02_s42/result.json
12,kl_soap,524288,512K,0.03,42,2.2421819296588454,2.403081207147344,7.896135032517328,6480.0,6480,3400.7528598308563,,5,gpt2,results/d12-d16-base-opt-sweep/extracted/search_evals/d12_opt_baselines_001/kl_soap_bsz524288_lr0p03_s42/result.json
12,kl_soap,524288,512K,0.04,42,2.2798409895424663,2.297128890032783,7.503960525745905,6480.0,6480,3415.404574394226,,5,gpt2,results/d12-d16-base-opt-sweep/extracted/search_evals/d12_opt_baselines_001/kl_soap_bsz524288_lr0p04_s42/result.json
12,kl_soap,2097152,2M,0.005,42,2.124927807913421,2.124927807913421,6.943674314829818,1620.0,1620,1415.404530286789,,5,gpt2,results/d12-d16-base-opt-sweep/extracted/search_evals/d12_opt_baselines_001/kl_soap_bsz2097152_lr0p005_s42/result.json
12,kl_soap,2097152,2M,0.0075,42,2.1387950821983353,2.1387950821983353,6.990866884801019,1620.0,1620,1424.749683380127,,5,gpt2,results/d12-d16-base-opt-sweep/extracted/search_evals/d12_opt_baselines_001/kl_soap_bsz2097152_lr0p0075_s42/result.json
12,kl_soap,2097152,2M,0.01,42,2.1443538171579526,2.1443538171579526,7.011147277037259,1620.0,1620,1416.3474531173706,,5,gpt2,results/d12-d16-base-opt-sweep/extracted/search_evals/d12_opt_baselines_001/kl_soap_bsz2097152_lr0p01_s42/result.json
12,kl_soap,2097152,2M,0.015,42,2.1784819688270924,2.1860824425855534,7.149007838583612,1620.0,1620,1426.0644569396973,,5,gpt2,results/d12-d16-base-opt-sweep/extracted/search_evals/d12_opt_baselines_001/kl_soap_bsz2097152_lr0p015_s42/result.json
12,kl_soap,2097152,2M,0.02,42,2.229337191321453,2.2499842731132955,7.351460079695277,1620.0,1620,1433.1509749889374,,5,gpt2,results/d12-d16-base-opt-sweep/extracted/search_evals/d12_opt_baselines_001/kl_soap_bsz2097152_lr0p02_s42/result.json
12,kl_soap,2097152,2M,0.03,42,2.2835642029160126,2.2835642029160126,7.462640842880583,1620.0,1620,1421.5770783424377,,5,gpt2,results/d12-d16-base-opt-sweep/extracted/search_evals/d12_opt_baselines_001/kl_soap_bsz2097152_lr0p03_s42/result.json
12,kl_soap,2097152,2M,0.04,42,3.2123879769937576,,,1620.0,1620,1373.404708147049,,5,gpt2,results/d12-d16-base-opt-sweep/extracted/search_evals/d12_opt_baselines_001/kl_soap_bsz2097152_lr0p04_s42/result.json
12,kl_soap,8388608,8M,0.005,42,2.365832407930877,2.365832407930877,7.84183263729711,405.0,405,924.3254928588867,,5,gpt2,results/d12-d16-base-opt-sweep/extracted/search_evals/d12_opt_baselines_001/kl_soap_bsz8388608_lr0p005_s42/result.json
12,kl_soap,8388608,8M,0.0075,42,2.362972756307796,2.362972756307796,7.813367212618496,405.0,405,923.9286642074585,,5,gpt2,results/d12-d16-base-opt-sweep/extracted/search_evals/d12_opt_baselines_001/kl_soap_bsz8388608_lr0p0075_s42/result.json
12,kl_soap,8388608,8M,0.01,42,2.362822911895985,2.362822911895985,7.817961189074504,405.0,405,925.0680565834045,,5,gpt2,results/d12-d16-base-opt-sweep/extracted/search_evals/d12_opt_baselines_001/kl_soap_bsz8388608_lr0p01_s42/result.json
12,kl_soap,8388608,8M,0.015,42,2.644583155970878,,,405.0,405,903.2375383377075,,5,gpt2,results/d12-d16-base-opt-sweep/extracted/search_evals/d12_opt_baselines_001/kl_soap_bsz8388608_lr0p015_s42/result.json
12,kl_soap,8388608,8M,0.02,42,3.212388556662662,,,405.0,405,906.6747872829437,,5,gpt2,results/d12-d16-base-opt-sweep/extracted/search_evals/d12_opt_baselines_001/kl_soap_bsz8388608_lr0p02_s42/result.json
12,kl_soap,8388608,8M,0.03,42,2.6516090329277624,,,405.0,405,924.8523986339569,,5,gpt2,results/d12-d16-base-opt-sweep/extracted/search_evals/d12_opt_baselines_001/kl_soap_bsz8388608_lr0p03_s42/result.json
12,kl_soap,8388608,8M,0.04,42,2.6627667898358593,,,405.0,405,898.1090834140778,,5,gpt2,results/d12-d16-base-opt-sweep/extracted/search_evals/d12_opt_baselines_001/kl_soap_bsz8388608_lr0p04_s42/result.json
12,plain_muon,524288,512K,0.005,42,0.8740810020754144,0.8740810020754144,2.882762335107491,6480.0,6480,472.9249029159546,,5,gpt2,results/d12-d16-base-opt-sweep/extracted/search_evals/d12_opt_baselines_001/plain_muon_bsz524288_lr0p005_s42/result.json
12,plain_muon,524288,512K,0.0075,42,0.8693710473091981,0.8693710473091981,2.8737684884423094,6480.0,6480,461.9799644947052,,5,gpt2,results/d12-d16-base-opt-sweep/extracted/search_evals/d12_opt_baselines_001/plain_muon_bsz524288_lr0p0075_s42/result.json
12,plain_muon,524288,512K,0.01,42,0.8678161579315138,0.8678161579315138,2.8682455010229826,6480.0,6480,465.40843415260315,,5,gpt2,results/d12-d16-base-opt-sweep/extracted/search_evals/d12_opt_baselines_001/plain_muon_bsz524288_lr0p01_s42/result.json
12,plain_muon,524288,512K,0.015,42,0.868320397419808,0.868320397419808,2.8706051087748206,6480.0,6480,439.8596520423889,,5,gpt2,results/d12-d16-base-opt-sweep/extracted/search_evals/d12_opt_baselines_001/plain_muon_bsz524288_lr0p015_s42/result.json
12,plain_muon,524288,512K,0.02,42,0.8708206543221042,0.8708206543221042,2.873347133224485,6480.0,6480,505.1197748184204,,5,gpt2,results/d12-d16-base-opt-sweep/extracted/search_evals/d12_opt_baselines_001/plain_muon_bsz524288_lr0p02_s42/result.json
12,plain_muon,524288,512K,0.03,42,0.8731529521593242,0.8731529521593242,2.888723921944365,6480.0,6480,428.61857509613037,,5,gpt2,results/d12-d16-base-opt-sweep/extracted/search_evals/d12_opt_baselines_001/plain_muon_bsz524288_lr0p03_s42/result.json
12,plain_muon,524288,512K,0.04,42,0.8772790354214918,0.8772790354214918,2.9015630652167195,6480.0,6480,432.64700627326965,,5,gpt2,results/d12-d16-base-opt-sweep/extracted/search_evals/d12_opt_baselines_001/plain_muon_bsz524288_lr0p04_s42/result.json
12,plain_muon,2097152,2M,0.005,42,0.898041616242554,0.898041616242554,2.963093198005053,1620.0,1620,852.1436252593994,,5,gpt2,results/d12-d16-base-opt-sweep/extracted/search_evals/d12_opt_baselines_001/plain_muon_bsz2097152_lr0p005_s42/result.json
12,plain_muon,2097152,2M,0.0075,42,0.88899421643987,0.88899421643987,2.935483704746684,1620.0,1620,878.97984623909,,5,gpt2,results/d12-d16-base-opt-sweep/extracted/search_evals/d12_opt_baselines_001/plain_muon_bsz2097152_lr0p0075_s42/result.json
12,plain_muon,2097152,2M,0.01,42,0.8864768593048913,0.8864768593048913,2.9282969486333097,1620.0,1620,851.683849811554,,5,gpt2,results/d12-d16-base-opt-sweep/extracted/search_evals/d12_opt_baselines_001/plain_muon_bsz2097152_lr0p01_s42/result.json
12,plain_muon,2097152,2M,0.015,42,0.8855991681248787,0.8855991681248787,2.923868231389446,1620.0,1620,864.1133143901825,,5,gpt2,results/d12-d16-base-opt-sweep/extracted/search_evals/d12_opt_baselines_001/plain_muon_bsz2097152_lr0p015_s42/result.json
12,plain_muon,2097152,2M,0.02,42,0.9280722333430721,0.9280722333430721,3.062225601402231,1620.0,1620,1024.4700772762299,,5,gpt2,results/d12-d16-base-opt-sweep/extracted/search_evals/d12_opt_baselines_001/plain_muon_bsz2097152_lr0p02_s42/result.json
12,plain_muon,2097152,2M,0.03,42,0.9411520998798484,0.9411520998798484,3.1045703351668625,1620.0,1620,842.6772022247314,,5,gpt2,results/d12-d16-base-opt-sweep/extracted/search_evals/d12_opt_baselines_001/plain_muon_bsz2097152_lr0p03_s42/result.json
12,plain_muon,2097152,2M,0.04,42,0.952196241682665,0.952196241682665,3.1414208647225443,1620.0,1620,847.7543606758118,,5,gpt2,results/d12-d16-base-opt-sweep/extracted/search_evals/d12_opt_baselines_001/plain_muon_bsz2097152_lr0p04_s42/result.json
12,plain_muon,8388608,8M,0.005,42,1.0268278160911504,1.0268278160911504,3.384982995847187,405.0,405,791.3174469470978,,5,gpt2,results/d12-d16-base-opt-sweep/extracted/search_evals/d12_opt_baselines_001/plain_muon_bsz8388608_lr0p005_s42/result.json
12,plain_muon,8388608,8M,0.0075,42,1.0021455865965325,1.0021455865965325,3.306312457944274,405.0,405,869.6163785457611,,5,gpt2,results/d12-d16-base-opt-sweep/extracted/search_evals/d12_opt_baselines_001/plain_muon_bsz8388608_lr0p0075_s42/result.json
12,plain_muon,8388608,8M,0.01,42,0.9734497296072182,0.9734497296072182,3.212185806423685,405.0,405,778.9433732032776,,5,gpt2,results/d12-d16-base-opt-sweep/extracted/search_evals/d12_opt_baselines_001/plain_muon_bsz8388608_lr0p01_s42/result.json
12,plain_muon,8388608,8M,0.015,42,0.9634368912441043,0.9634368912441043,3.1823533049724038,405.0,405,798.3470668792725,,5,gpt2,results/d12-d16-base-opt-sweep/extracted/search_evals/d12_opt_baselines_001/plain_muon_bsz8388608_lr0p015_s42/result.json
12,plain_muon,8388608,8M,0.02,42,0.962654120847202,0.962654120847202,3.181066794239395,405.0,405,790.260659456253,,5,gpt2,results/d12-d16-base-opt-sweep/extracted/search_evals/d12_opt_baselines_001/plain_muon_bsz8388608_lr0p02_s42/result.json
12,plain_muon,8388608,8M,0.03,42,0.9942554957616649,0.9942554957616649,3.287352136305797,405.0,405,778.3308594226837,,5,gpt2,results/d12-d16-base-opt-sweep/extracted/search_evals/d12_opt_baselines_001/plain_muon_bsz8388608_lr0p03_s42/result.json
12,plain_muon,8388608,8M,0.04,42,1.108357595380306,1.108357595380306,3.663274932539728,405.0,405,772.602863073349,,5,gpt2,results/d12-d16-base-opt-sweep/extracted/search_evals/d12_opt_baselines_001/plain_muon_bsz8388608_lr0p04_s42/result.json
12,shampoo,524288,512K,0.005,42,0.99431810000335,0.99431810000335,3.2715238675858926,6480.0,6480,3138.416309118271,,5,gpt2,results/d12-d16-base-opt-sweep/extracted/search_evals/d12_opt_baselines_001/shampoo_bsz524288_lr0p005_s42/result.json
12,shampoo,524288,512K,0.0075,42,1.1808165707347584,1.1907881076884275,3.902755696188123,6480.0,6480,3095.2521557807922,,5,gpt2,results/d12-d16-base-opt-sweep/extracted/search_evals/d12_opt_baselines_001/shampoo_bsz524288_lr0p0075_s42/result.json
12,shampoo,524288,512K,0.01,42,1.0337494975624524,1.0337494975624524,3.3977808570753516,6480.0,6480,3095.6712827682495,,5,gpt2,results/d12-d16-base-opt-sweep/extracted/search_evals/d12_opt_baselines_001/shampoo_bsz524288_lr0p01_s42/result.json
12,shampoo,524288,512K,0.015,42,1.0378510173547923,1.0378510173547923,3.414148880663181,6480.0,6480,3096.10422873497,,5,gpt2,results/d12-d16-base-opt-sweep/extracted/search_evals/d12_opt_baselines_001/shampoo_bsz524288_lr0p015_s42/result.json
12,shampoo,524288,512K,0.02,42,1.015959748718073,1.015959748718073,3.3416634408071433,6480.0,6480,3087.7039675712585,,5,gpt2,results/d12-d16-base-opt-sweep/extracted/search_evals/d12_opt_baselines_001/shampoo_bsz524288_lr0p02_s42/result.json
12,shampoo,524288,512K,0.03,42,1.0353602525308072,1.0353602525308072,3.4044269890281296,6480.0,6480,3107.6138842105865,,5,gpt2,results/d12-d16-base-opt-sweep/extracted/search_evals/d12_opt_baselines_001/shampoo_bsz524288_lr0p03_s42/result.json
12,shampoo,524288,512K,0.04,42,1.0539226275662603,1.0539226275662603,3.4639146892912653,6480.0,6480,3128.5106296539307,,5,gpt2,results/d12-d16-base-opt-sweep/extracted/search_evals/d12_opt_baselines_001/shampoo_bsz524288_lr0p04_s42/result.json
12,shampoo,2097152,2M,0.005,42,1.1214860816464465,1.1214860816464465,3.6886438166972964,1620.0,1620,1378.4294328689575,,5,gpt2,results/d12-d16-base-opt-sweep/extracted/search_evals/d12_opt_baselines_001/shampoo_bsz2097152_lr0p005_s42/result.json
12,shampoo,2097152,2M,0.0075,42,1.1008927641454955,1.1008927641454955,3.6229620518095116,1620.0,1620,1364.6487262248993,,5,gpt2,results/d12-d16-base-opt-sweep/extracted/search_evals/d12_opt_baselines_001/shampoo_bsz2097152_lr0p0075_s42/result.json
12,shampoo,2097152,2M,0.01,42,1.0889762931000329,1.0889762931000329,3.584324514984204,1620.0,1620,1376.2411830425262,,5,gpt2,results/d12-d16-base-opt-sweep/extracted/search_evals/d12_opt_baselines_001/shampoo_bsz2097152_lr0p01_s42/result.json
12,shampoo,2097152,2M,0.015,42,1.0807239091998584,1.0807239091998584,3.5569980522158224,1620.0,1620,1381.2564160823822,,5,gpt2,results/d12-d16-base-opt-sweep/extracted/search_evals/d12_opt_baselines_001/shampoo_bsz2097152_lr0p015_s42/result.json
12,shampoo,2097152,2M,0.02,42,1.0592731164719391,1.0592731164719391,3.488165212842091,1620.0,1620,1359.551471233368,,5,gpt2,results/d12-d16-base-opt-sweep/extracted/search_evals/d12_opt_baselines_001/shampoo_bsz2097152_lr0p02_s42/result.json
12,shampoo,2097152,2M,0.03,42,1.1019513844823225,1.1019513844823225,3.625134522523625,1620.0,1620,1367.2905340194702,,5,gpt2,results/d12-d16-base-opt-sweep/extracted/search_evals/d12_opt_baselines_001/shampoo_bsz2097152_lr0p03_s42/result.json
12,shampoo,2097152,2M,0.04,42,1.6955676300257685,2.1699018546200413,7.087363447793606,1620.0,1620,1361.3777680397034,,5,gpt2,results/d12-d16-base-opt-sweep/extracted/search_evals/d12_opt_baselines_001/shampoo_bsz2097152_lr0p04_s42/result.json
12,shampoo,8388608,8M,0.005,42,1.5996637284533342,1.5996637284533342,5.236777060670404,405.0,405,924.3667075634003,,5,gpt2,results/d12-d16-base-opt-sweep/extracted/search_evals/d12_opt_baselines_001/shampoo_bsz8388608_lr0p005_s42/result.json
12,shampoo,8388608,8M,0.0075,42,1.5872031656823935,1.5872031656823935,5.200357214256737,405.0,405,898.5891017913818,,5,gpt2,results/d12-d16-base-opt-sweep/extracted/search_evals/d12_opt_baselines_001/shampoo_bsz8388608_lr0p0075_s42/result.json
12,shampoo,8388608,8M,0.01,42,1.5912382409265562,1.5912382409265562,5.215769619793676,405.0,405,896.7753839492798,,5,gpt2,results/d12-d16-base-opt-sweep/extracted/search_evals/d12_opt_baselines_001/shampoo_bsz8388608_lr0p01_s42/result.json
12,shampoo,8388608,8M,0.015,42,1.5934499676316418,1.5934499676316418,5.226560902003189,405.0,405,913.4939610958099,,5,gpt2,results/d12-d16-base-opt-sweep/extracted/search_evals/d12_opt_baselines_001/shampoo_bsz8388608_lr0p015_s42/result.json
12,shampoo,8388608,8M,0.02,42,1.583125629690977,1.583125629690977,5.201715905945077,405.0,405,909.7386431694031,,5,gpt2,results/d12-d16-base-opt-sweep/extracted/search_evals/d12_opt_baselines_001/shampoo_bsz8388608_lr0p02_s42/result.json
12,shampoo,8388608,8M,0.03,42,1.703138975421779,2.1672000178562083,7.2043773940607565,405.0,405,901.5471687316895,,5,gpt2,results/d12-d16-base-opt-sweep/extracted/search_evals/d12_opt_baselines_001/shampoo_bsz8388608_lr0p03_s42/result.json
12,shampoo,8388608,8M,0.04,42,1.7155509909219686,2.3304273905823694,7.662143691629814,405.0,405,919.4363822937012,,5,gpt2,results/d12-d16-base-opt-sweep/extracted/search_evals/d12_opt_baselines_001/shampoo_bsz8388608_lr0p04_s42/result.json
12,soap,524288,512K,0.005,42,2.239879050018528,2.239879050018528,7.330469658652502,6480.0,6480,2548.487923145294,,5,gpt2,results/d12-d16-base-opt-sweep/extracted/search_evals/d12_opt_baselines_001/soap_bsz524288_lr0p005_s42/result.json
12,soap,524288,512K,0.0075,42,2.229762958131802,2.2971016455942714,7.5050414394324125,6480.0,6480,2547.0956325531006,,5,gpt2,results/d12-d16-base-opt-sweep/extracted/search_evals/d12_opt_baselines_001/soap_bsz524288_lr0p0075_s42/result.json
12,soap,524288,512K,0.01,42,2.226163069317686,2.226163069317686,7.282888514354925,6480.0,6480,3191.8609874248505,,5,gpt2,results/d12-d16-base-opt-sweep/extracted/search_evals/d12_opt_baselines_001/soap_bsz524288_lr0p01_s42/result.json
12,soap,524288,512K,0.015,42,2.231777162657682,2.231777162657682,7.3039266030909085,6480.0,6480,3233.8583357334137,,5,gpt2,results/d12-d16-base-opt-sweep/extracted/search_evals/d12_opt_baselines_001/soap_bsz524288_lr0p015_s42/result.json
12,soap,524288,512K,0.02,42,2.258584530814778,2.9063711977759823,9.552617771230036,6480.0,6480,3168.2061376571655,,5,gpt2,results/d12-d16-base-opt-sweep/extracted/search_evals/d12_opt_baselines_001/soap_bsz524288_lr0p02_s42/result.json
12,soap,524288,512K,0.03,42,2.251180564814939,2.251180564814939,7.358484110786827,6480.0,6480,3198.6363759040833,,5,gpt2,results/d12-d16-base-opt-sweep/extracted/search_evals/d12_opt_baselines_001/soap_bsz524288_lr0p03_s42/result.json
12,soap,524288,512K,0.04,42,2.289057725123875,2.2893232134821315,7.479815874598744,6480.0,6480,3193.0681076049805,,5,gpt2,results/d12-d16-base-opt-sweep/extracted/search_evals/d12_opt_baselines_001/soap_bsz524288_lr0p04_s42/result.json
12,soap,2097152,2M,0.005,42,2.2401142506765255,2.2401142506765255,7.321107054260876,1620.0,1620,1366.5229740142822,,5,gpt2,results/d12-d16-base-opt-sweep/extracted/search_evals/d12_opt_baselines_001/soap_bsz2097152_lr0p005_s42/result.json
12,soap,2097152,2M,0.0075,42,2.20254619881091,2.20254619881091,7.196722065067957,1620.0,1620,1362.958200931549,,5,gpt2,results/d12-d16-base-opt-sweep/extracted/search_evals/d12_opt_baselines_001/soap_bsz2097152_lr0p0075_s42/result.json
12,soap,2097152,2M,0.01,42,2.171267554559022,2.171267554559022,7.098197193683813,1620.0,1620,1368.9892835617065,,5,gpt2,results/d12-d16-base-opt-sweep/extracted/search_evals/d12_opt_baselines_001/soap_bsz2097152_lr0p01_s42/result.json
12,soap,2097152,2M,0.015,42,2.2757340353541466,2.2757340353541466,7.4319274063483425,1620.0,1620,1376.3567988872528,,5,gpt2,results/d12-d16-base-opt-sweep/extracted/search_evals/d12_opt_baselines_001/soap_bsz2097152_lr0p015_s42/result.json
12,soap,2097152,2M,0.02,42,2.281549998390132,2.4855999740461745,8.154774560387695,1620.0,1620,1385.008499622345,,5,gpt2,results/d12-d16-base-opt-sweep/extracted/search_evals/d12_opt_baselines_001/soap_bsz2097152_lr0p02_s42/result.json
12,soap,2097152,2M,0.03,42,2.2749620612905908,2.2749620612905908,7.443066446289072,1620.0,1620,1360.8424565792084,,5,gpt2,results/d12-d16-base-opt-sweep/extracted/search_evals/d12_opt_baselines_001/soap_bsz2097152_lr0p03_s42/result.json
12,soap,2097152,2M,0.04,42,2.2978384047718796,2.3109318210692984,7.54957869785138,1620.0,1620,1389.8488276004791,,5,gpt2,results/d12-d16-base-opt-sweep/extracted/search_evals/d12_opt_baselines_001/soap_bsz2097152_lr0p04_s42/result.json
12,soap,8388608,8M,0.005,42,2.3661402121191615,2.3661402121191615,7.839258695173657,405.0,405,930.9966237545013,,5,gpt2,results/d12-d16-base-opt-sweep/extracted/search_evals/d12_opt_baselines_001/soap_bsz8388608_lr0p005_s42/result.json
12,soap,8388608,8M,0.0075,42,2.658820403934084,,,405.0,405,906.8403697013855,,5,gpt2,results/d12-d16-base-opt-sweep/extracted/search_evals/d12_opt_baselines_001/soap_bsz8388608_lr0p0075_s42/result.json
12,soap,8388608,8M,0.01,42,2.365884723049507,2.365884723049507,7.847791769712295,405.0,405,900.3197157382965,,5,gpt2,results/d12-d16-base-opt-sweep/extracted/search_evals/d12_opt_baselines_001/soap_bsz8388608_lr0p01_s42/result.json
12,soap,8388608,8M,0.015,42,2.369879221470355,2.369879221470355,7.873691194468774,405.0,405,919.6920340061188,,5,gpt2,results/d12-d16-base-opt-sweep/extracted/search_evals/d12_opt_baselines_001/soap_bsz8388608_lr0p015_s42/result.json
12,soap,8388608,8M,0.02,42,3.212387397324853,,,405.0,405,896.9614276885986,,5,gpt2,results/d12-d16-base-opt-sweep/extracted/search_evals/d12_opt_baselines_001/soap_bsz8388608_lr0p02_s42/result.json
12,soap,8388608,8M,0.03,42,2.627357424970568,,,405.0,405,890.7622225284576,,5,gpt2,results/d12-d16-base-opt-sweep/extracted/search_evals/d12_opt_baselines_001/soap_bsz8388608_lr0p03_s42/result.json
12,soap,8388608,8M,0.04,42,2.6431748503674166,,,405.0,405,891.4279973506927,,5,gpt2,results/d12-d16-base-opt-sweep/extracted/search_evals/d12_opt_baselines_001/soap_bsz8388608_lr0p04_s42/result.json
16,adamw,524288,512K,0.005,42,0.7964223966476766,0.7964223966476766,2.6385988689886544,15360.0,15360,3926.98392534256,,5,gpt2,results/d12-d16-base-opt-sweep/extracted/search_evals/d16_opt_baselines_001/adamw_bsz524288_lr0p005_s42/result.json
16,adamw,524288,512K,0.0075,42,2.1844073443688004,2.1844073443688004,7.124021710224506,15360.0,15360,3915.611469745636,,5,gpt2,results/d12-d16-base-opt-sweep/extracted/search_evals/d16_opt_baselines_001/adamw_bsz524288_lr0p0075_s42/result.json
16,adamw,524288,512K,0.01,42,2.176353569527027,2.176353569527027,7.101131342416637,15360.0,15360,3850.425419330597,,5,gpt2,results/d12-d16-base-opt-sweep/extracted/search_evals/d16_opt_baselines_001/adamw_bsz524288_lr0p01_s42/result.json
16,adamw,524288,512K,0.015,42,2.244272795397345,2.244272795397345,7.320194292825949,15360.0,15360,4004.467025279999,,5,gpt2,results/d12-d16-base-opt-sweep/extracted/search_evals/d16_opt_baselines_001/adamw_bsz524288_lr0p015_s42/result.json
16,adamw,524288,512K,0.02,42,2.2221859609639725,2.2221859609639725,7.249603637658956,15360.0,15360,3912.9212005138397,,5,gpt2,results/d12-d16-base-opt-sweep/extracted/search_evals/d16_opt_baselines_001/adamw_bsz524288_lr0p02_s42/result.json
16,adamw,524288,512K,0.03,42,2.2525858271566515,2.2525858271566515,7.34819426398757,15360.0,15360,3936.191981077194,,5,gpt2,results/d12-d16-base-opt-sweep/extracted/search_evals/d16_opt_baselines_001/adamw_bsz524288_lr0p03_s42/result.json
16,adamw,524288,512K,0.04,42,2.2346926074128204,2.2346926074128204,7.283874559776386,15360.0,15360,3855.6755628585815,,5,gpt2,results/d12-d16-base-opt-sweep/extracted/search_evals/d16_opt_baselines_001/adamw_bsz524288_lr0p04_s42/result.json
16,adamw,2097152,2M,0.005,42,2.210968498158713,2.255483012341298,7.362733488807933,3840.0,3840,2814.426334619522,,5,gpt2,results/d12-d16-base-opt-sweep/extracted/search_evals/d16_opt_baselines_001/adamw_bsz2097152_lr0p005_s42/result.json
16,adamw,2097152,2M,0.0075,42,2.248426702766928,2.265953571763121,7.394844123026102,3840.0,3840,2780.840695142746,,5,gpt2,results/d12-d16-base-opt-sweep/extracted/search_evals/d16_opt_baselines_001/adamw_bsz2097152_lr0p0075_s42/result.json
16,adamw,2097152,2M,0.01,42,2.259718218274736,2.2848455610293903,7.461967660501109,3840.0,3840,2798.678615093231,,5,gpt2,results/d12-d16-base-opt-sweep/extracted/search_evals/d16_opt_baselines_001/adamw_bsz2097152_lr0p01_s42/result.json
16,adamw,2097152,2M,0.015,42,2.237378793116232,2.237378793116232,7.304435229053832,3840.0,3840,2784.9936838150024,,5,gpt2,results/d12-d16-base-opt-sweep/extracted/search_evals/d16_opt_baselines_001/adamw_bsz2097152_lr0p015_s42/result.json
16,adamw,2097152,2M,0.02,42,2.2293315395496345,2.267579977791897,7.401443897910078,3840.0,3840,2812.603936433792,,5,gpt2,results/d12-d16-base-opt-sweep/extracted/search_evals/d16_opt_baselines_001/adamw_bsz2097152_lr0p02_s42/result.json
16,adamw,2097152,2M,0.03,42,2.229262269115548,2.268503245439525,7.411207898005111,3840.0,3840,2791.35755777359,,5,gpt2,results/d12-d16-base-opt-sweep/extracted/search_evals/d16_opt_baselines_001/adamw_bsz2097152_lr0p03_s42/result.json
16,adamw,2097152,2M,0.04,42,2.2513064978844395,2.2513064978844395,7.3403271128021395,3840.0,3840,2776.2395198345184,,5,gpt2,results/d12-d16-base-opt-sweep/extracted/search_evals/d16_opt_baselines_001/adamw_bsz2097152_lr0p04_s42/result.json
16,adamw,8388608,8M,0.005,42,2.0733507527157427,2.206309844090544,7.206786458694478,960.0,960,2514.7679538726807,,5,gpt2,results/d12-d16-base-opt-sweep/extracted/search_evals/d16_opt_baselines_001/adamw_bsz8388608_lr0p005_s42/result.json
16,adamw,8388608,8M,0.0075,42,2.058169369024347,2.2229341686024444,7.261556610888456,960.0,960,2528.2307708263397,,5,gpt2,results/d12-d16-base-opt-sweep/extracted/search_evals/d16_opt_baselines_001/adamw_bsz8388608_lr0p0075_s42/result.json
16,adamw,8388608,8M,0.01,42,2.1416153163359106,2.220633172886067,7.256935087500162,960.0,960,2518.550233364105,,5,gpt2,results/d12-d16-base-opt-sweep/extracted/search_evals/d16_opt_baselines_001/adamw_bsz8388608_lr0p01_s42/result.json
16,adamw,8388608,8M,0.015,42,2.190589368317972,2.227084597958601,7.281296848006546,960.0,960,1285.054310798645,,5,gpt2,results/d12-d16-base-opt-sweep/extracted/search_evals/d16_opt_baselines_001/adamw_bsz8388608_lr0p015_s42/result.json
16,adamw,8388608,8M,0.02,42,2.2019013171546633,2.2019013171546633,7.192485470067752,960.0,960,2508.78724861145,,5,gpt2,results/d12-d16-base-opt-sweep/extracted/search_evals/d16_opt_baselines_001/adamw_bsz8388608_lr0p02_s42/result.json
16,adamw,8388608,8M,0.03,42,2.2096961249133553,2.24988543956508,7.3515074684862425,960.0,960,2489.316335439682,,5,gpt2,results/d12-d16-base-opt-sweep/extracted/search_evals/d16_opt_baselines_001/adamw_bsz8388608_lr0p03_s42/result.json
16,adamw,8388608,8M,0.04,42,2.2324663889851224,2.2324663889851224,7.297184576319337,960.0,960,2513.118479013443,,5,gpt2,results/d12-d16-base-opt-sweep/extracted/search_evals/d16_opt_baselines_001/adamw_bsz8388608_lr0p04_s42/result.json
16,kl_shampoo,524288,512K,0.005,42,0.8984879612990121,0.8984879612990121,2.9598187718762046,15360.0,15360,4576.9088451862335,,5,gpt2,results/d12-d16-base-opt-sweep/extracted/search_evals/d16_opt_baselines_001/kl_shampoo_bsz524288_lr0p005_s42/result.json
16,kl_shampoo,524288,512K,0.0075,42,1.6128932220260823,2.303451193856841,7.524472643740076,15360.0,15360,15265.988199472427,,5,gpt2,results/d12-d16-base-opt-sweep/extracted/search_evals/d16_opt_baselines_001/kl_shampoo_bsz524288_lr0p0075_s42/result.json
16,kl_shampoo,524288,512K,0.01,42,1.0733810258108305,1.0733810258108305,3.5247692117865106,15360.0,15360,15270.82925271988,,5,gpt2,results/d12-d16-base-opt-sweep/extracted/search_evals/d16_opt_baselines_001/kl_shampoo_bsz524288_lr0p01_s42/result.json
16,kl_shampoo,524288,512K,0.015,42,1.5241579408782633,1.5241579408782633,4.9635098222735765,15360.0,15360,5009.790400981903,,5,gpt2,results/d12-d16-base-opt-sweep/extracted/search_evals/d16_opt_baselines_001/kl_shampoo_bsz524288_lr0p015_s42/result.json
16,kl_shampoo,524288,512K,0.02,42,0.990801828428707,0.990801828428707,3.2296389291335785,15360.0,15360,612.1615047454834,,5,gpt2,results/d12-d16-base-opt-sweep/extracted/search_evals/d16_opt_baselines_001/kl_shampoo_bsz524288_lr0p02_s42/result.json
16,kl_shampoo,524288,512K,0.03,42,1.8105729262562198,1.9469171391160234,6.348678531535436,15360.0,15360,685.053685426712,,5,gpt2,results/d12-d16-base-opt-sweep/extracted/search_evals/d16_opt_baselines_001/kl_shampoo_bsz524288_lr0p03_s42/result.json
16,kl_shampoo,524288,512K,0.04,42,2.3507531908838977,,,15360.0,15360,14661.103243112564,,5,gpt2,results/d12-d16-base-opt-sweep/extracted/search_evals/d16_opt_baselines_001/kl_shampoo_bsz524288_lr0p04_s42/result.json
16,kl_shampoo,2097152,2M,0.005,42,1.9027366591396513,2.3084941684086875,7.539225147197689,3840.0,3840,5484.275356054306,,5,gpt2,results/d12-d16-base-opt-sweep/extracted/search_evals/d16_opt_baselines_001/kl_shampoo_bsz2097152_lr0p005_s42/result.json
16,kl_shampoo,2097152,2M,0.0075,42,1.6442969298441137,1.6442969298441137,5.368059952637506,3840.0,3840,5428.269193887711,,5,gpt2,results/d12-d16-base-opt-sweep/extracted/search_evals/d16_opt_baselines_001/kl_shampoo_bsz2097152_lr0p0075_s42/result.json
16,kl_shampoo,2097152,2M,0.01,42,2.158703375971404,2.158703375971404,7.085654487298474,3840.0,3840,5444.080033063889,,5,gpt2,results/d12-d16-base-opt-sweep/extracted/search_evals/d16_opt_baselines_001/kl_shampoo_bsz2097152_lr0p01_s42/result.json
16,kl_shampoo,2097152,2M,0.015,42,1.9185372741382698,1.9185372741382698,6.264899349807262,3840.0,3840,5414.485071897507,,5,gpt2,results/d12-d16-base-opt-sweep/extracted/search_evals/d16_opt_baselines_001/kl_shampoo_bsz2097152_lr0p015_s42/result.json
16,kl_shampoo,2097152,2M,0.02,42,1.4914025900921848,1.4914025900921848,4.9098467323657955,3840.0,3840,5430.891323328018,,5,gpt2,results/d12-d16-base-opt-sweep/extracted/search_evals/d16_opt_baselines_001/kl_shampoo_bsz2097152_lr0p02_s42/result.json
16,kl_shampoo,2097152,2M,0.04,42,,,,,3840,10.15907597541809,PytorchStreamReader failed reading zip archive: failed finding central directory,5,gpt2,results/d12-d16-base-opt-sweep/extracted/search_evals/d16_opt_baselines_001/kl_shampoo_bsz2097152_lr0p04_s42/result.json
16,kl_shampoo,8388608,8M,0.005,42,1.7066546673275176,1.7663283928659015,5.783121146556818,960.0,960,3267.857092857361,,5,gpt2,results/d12-d16-base-opt-sweep/extracted/search_evals/d16_opt_baselines_001/kl_shampoo_bsz8388608_lr0p005_s42/result.json
16,kl_shampoo,8388608,8M,0.0075,42,1.3832973826663435,1.3832973826663435,4.554486105121555,960.0,960,3294.4680786132812,,5,gpt2,results/d12-d16-base-opt-sweep/extracted/search_evals/d16_opt_baselines_001/kl_shampoo_bsz8388608_lr0p0075_s42/result.json
16,kl_shampoo,8388608,8M,0.01,42,1.8016029847108983,2.33618596639681,7.632673952473395,960.0,960,3257.8013021945953,,5,gpt2,results/d12-d16-base-opt-sweep/extracted/search_evals/d16_opt_baselines_001/kl_shampoo_bsz8388608_lr0p01_s42/result.json
16,kl_shampoo,8388608,8M,0.015,42,2.08235185146468,2.2316563016910957,7.296290021132738,960.0,960,3286.824724674225,,5,gpt2,results/d12-d16-base-opt-sweep/extracted/search_evals/d16_opt_baselines_001/kl_shampoo_bsz8388608_lr0p015_s42/result.json
16,kl_shampoo,8388608,8M,0.02,42,2.1527695952305805,3.155783598304654,10.397208213806138,960.0,960,3235.5867660045624,,5,gpt2,results/d12-d16-base-opt-sweep/extracted/search_evals/d16_opt_baselines_001/kl_shampoo_bsz8388608_lr0p02_s42/result.json
16,kl_shampoo,8388608,8M,0.03,42,2.238408140173382,2.3420162762381818,7.652211370722284,960.0,960,3254.632166862488,,5,gpt2,results/d12-d16-base-opt-sweep/extracted/search_evals/d16_opt_baselines_001/kl_shampoo_bsz8388608_lr0p03_s42/result.json
16,kl_shampoo,8388608,8M,0.04,42,2.180656741639517,2.180656741639517,7.136463892636455,960.0,960,3275.7056498527527,,5,gpt2,results/d12-d16-base-opt-sweep/extracted/search_evals/d16_opt_baselines_001/kl_shampoo_bsz8388608_lr0p04_s42/result.json
16,kl_soap,524288,512K,0.005,42,2.159897348997429,2.187698559491275,7.139720551571967,15360.0,15360,15643.706854820251,,5,gpt2,results/d12-d16-base-opt-sweep/extracted/search_evals/d16_opt_baselines_001/kl_soap_bsz524288_lr0p005_s42/result.json
16,kl_soap,524288,512K,0.0075,42,2.1295616811359226,2.24181470940785,7.317536393896638,15360.0,15360,15714.729182481766,,5,gpt2,results/d12-d16-base-opt-sweep/extracted/search_evals/d16_opt_baselines_001/kl_soap_bsz524288_lr0p0075_s42/result.json
16,kl_soap,524288,512K,0.01,42,2.130661747799421,2.2495853159897794,7.362238150197205,15360.0,15360,2247.873379945755,,5,gpt2,results/d12-d16-base-opt-sweep/extracted/search_evals/d16_opt_baselines_001/kl_soap_bsz524288_lr0p01_s42/result.json
16,kl_soap,524288,512K,0.015,42,2.206345928479849,2.564205686005238,8.387120175921906,15360.0,15360,2036.6710195541382,,5,gpt2,results/d12-d16-base-opt-sweep/extracted/search_evals/d16_opt_baselines_001/kl_soap_bsz524288_lr0p015_s42/result.json
16,kl_soap,524288,512K,0.02,42,2.222269433286219,2.8505832827388544,9.364064440938023,15360.0,15360,16118.075875043869,,5,gpt2,results/d12-d16-base-opt-sweep/extracted/search_evals/d16_opt_baselines_001/kl_soap_bsz524288_lr0p02_s42/result.json
16,kl_soap,524288,512K,0.03,42,2.221305009146372,2.221305009146372,7.260684609501952,15360.0,15360,8093.8049948215485,,5,gpt2,results/d12-d16-base-opt-sweep/extracted/search_evals/d16_opt_baselines_001/kl_soap_bsz524288_lr0p03_s42/result.json
16,kl_soap,524288,512K,0.04,42,2.273288702080551,2.285251329262534,7.4682190617545015,15360.0,15360,7951.354858160019,,5,gpt2,results/d12-d16-base-opt-sweep/extracted/search_evals/d16_opt_baselines_001/kl_soap_bsz524288_lr0p04_s42/result.json
16,kl_soap,2097152,2M,0.005,42,,,,,3840,9.704995393753052,PytorchStreamReader failed reading zip archive: failed finding central directory,5,gpt2,results/d12-d16-base-opt-sweep/extracted/search_evals/d16_opt_baselines_001/kl_soap_bsz2097152_lr0p005_s42/result.json
16,kl_soap,2097152,2M,0.0075,42,2.2074783116847723,2.2074783116847723,7.213812789220401,3840.0,3840,5704.980457544327,,5,gpt2,results/d12-d16-base-opt-sweep/extracted/search_evals/d16_opt_baselines_001/kl_soap_bsz2097152_lr0p0075_s42/result.json
16,kl_soap,2097152,2M,0.01,42,2.192962387895732,2.223716286871829,7.273332689503669,3840.0,3840,5533.112875699997,,5,gpt2,results/d12-d16-base-opt-sweep/extracted/search_evals/d16_opt_baselines_001/kl_soap_bsz2097152_lr0p01_s42/result.json
16,kl_soap,2097152,2M,0.015,42,2.2249522858934303,2.270975098565501,7.421443187463573,3840.0,3840,5573.503808498383,,5,gpt2,results/d12-d16-base-opt-sweep/extracted/search_evals/d16_opt_baselines_001/kl_soap_bsz2097152_lr0p015_s42/result.json
16,kl_soap,2097152,2M,0.02,42,2.249865440987875,2.273550422590929,7.430141721526124,3840.0,3840,5712.711087703705,,5,gpt2,results/d12-d16-base-opt-sweep/extracted/search_evals/d16_opt_baselines_001/kl_soap_bsz2097152_lr0p02_s42/result.json
16,kl_soap,2097152,2M,0.03,42,2.2643510770766553,2.2643510770766553,7.393938481888224,3840.0,3840,5861.643426179886,,5,gpt2,results/d12-d16-base-opt-sweep/extracted/search_evals/d16_opt_baselines_001/kl_soap_bsz2097152_lr0p03_s42/result.json
16,kl_soap,2097152,2M,0.04,42,2.264632796164238,2.264632796164238,7.399185144750658,3840.0,3840,5834.184287071228,,5,gpt2,results/d12-d16-base-opt-sweep/extracted/search_evals/d16_opt_baselines_001/kl_soap_bsz2097152_lr0p04_s42/result.json
16,kl_soap,8388608,8M,0.005,42,2.2014575806082752,2.2014575806082752,7.192337619452029,960.0,960,3247.8769567012787,,5,gpt2,results/d12-d16-base-opt-sweep/extracted/search_evals/d16_opt_baselines_001/kl_soap_bsz8388608_lr0p005_s42/result.json
16,kl_soap,8388608,8M,0.0075,42,2.2000727515954464,2.2000727515954464,7.1887090147052515,960.0,960,3249.510490179062,,5,gpt2,results/d12-d16-base-opt-sweep/extracted/search_evals/d16_opt_baselines_001/kl_soap_bsz8388608_lr0p0075_s42/result.json
16,kl_soap,8388608,8M,0.01,42,2.223486882902877,2.223486882902877,7.269382909696306,960.0,960,3253.858514070511,,5,gpt2,results/d12-d16-base-opt-sweep/extracted/search_evals/d16_opt_baselines_001/kl_soap_bsz8388608_lr0p01_s42/result.json
16,kl_soap,8388608,8M,0.015,42,2.2833729121775304,2.2833729121775304,7.462968198983034,960.0,960,3245.4845428466797,,5,gpt2,results/d12-d16-base-opt-sweep/extracted/search_evals/d16_opt_baselines_001/kl_soap_bsz8388608_lr0p015_s42/result.json
16,kl_soap,8388608,8M,0.02,42,2.247675886618386,2.247675886618386,7.36101710712402,960.0,960,3271.236403465271,,5,gpt2,results/d12-d16-base-opt-sweep/extracted/search_evals/d16_opt_baselines_001/kl_soap_bsz8388608_lr0p02_s42/result.json
16,kl_soap,8388608,8M,0.03,42,3.2405277141278255,,,960.0,960,3205.06707406044,,5,gpt2,results/d12-d16-base-opt-sweep/extracted/search_evals/d16_opt_baselines_001/kl_soap_bsz8388608_lr0p03_s42/result.json
16,kl_soap,8388608,8M,0.04,42,2.5794770632940556,,,960.0,960,3163.3863825798035,,5,gpt2,results/d12-d16-base-opt-sweep/extracted/search_evals/d16_opt_baselines_001/kl_soap_bsz8388608_lr0p04_s42/result.json
16,plain_muon,524288,512K,0.005,42,0.7935873809530367,0.7935873809530367,2.6293517765001755,15360.0,15360,3797.8612127304077,,5,gpt2,results/d12-d16-base-opt-sweep/extracted/search_evals/d16_opt_baselines_001/plain_muon_bsz524288_lr0p005_s42/result.json
16,plain_muon,524288,512K,0.0075,42,0.79393822555748,0.79393822555748,2.6302888325169422,15360.0,15360,3967.1360850334167,,5,gpt2,results/d12-d16-base-opt-sweep/extracted/search_evals/d16_opt_baselines_001/plain_muon_bsz524288_lr0p0075_s42/result.json
16,plain_muon,524288,512K,0.01,42,0.794884897337127,0.794884897337127,2.632949083430951,15360.0,15360,3826.5853583812714,,5,gpt2,results/d12-d16-base-opt-sweep/extracted/search_evals/d16_opt_baselines_001/plain_muon_bsz524288_lr0p01_s42/result.json
16,plain_muon,524288,512K,0.015,42,0.7978072981191189,0.7978072981191189,2.6418906696726867,15360.0,15360,3821.278176307678,,5,gpt2,results/d12-d16-base-opt-sweep/extracted/search_evals/d16_opt_baselines_001/plain_muon_bsz524288_lr0p015_s42/result.json
16,plain_muon,524288,512K,0.02,42,0.8009783768611375,0.8009783768611375,2.652537866798901,15360.0,15360,3831.796082496643,,5,gpt2,results/d12-d16-base-opt-sweep/extracted/search_evals/d16_opt_baselines_001/plain_muon_bsz524288_lr0p02_s42/result.json
16,plain_muon,524288,512K,0.03,42,0.8075153755556966,0.8075153755556966,2.6732378783195383,15360.0,15360,3752.420674085617,,5,gpt2,results/d12-d16-base-opt-sweep/extracted/search_evals/d16_opt_baselines_001/plain_muon_bsz524288_lr0p03_s42/result.json
16,plain_muon,524288,512K,0.04,42,0.8133769150592975,0.8133769150592975,2.6906110812102737,15360.0,15360,3782.512101650238,,5,gpt2,results/d12-d16-base-opt-sweep/extracted/search_evals/d16_opt_baselines_001/plain_muon_bsz524288_lr0p04_s42/result.json
16,plain_muon,2097152,2M,0.005,42,0.8021990146567696,0.8021990146567696,2.662632959893857,3840.0,3840,2814.1749613285065,,5,gpt2,results/d12-d16-base-opt-sweep/extracted/search_evals/d16_opt_baselines_001/plain_muon_bsz2097152_lr0p005_s42/result.json
16,plain_muon,2097152,2M,0.0075,42,0.8006772388652543,0.8006772388652543,2.656805594488497,3840.0,3840,2825.192770719528,,5,gpt2,results/d12-d16-base-opt-sweep/extracted/search_evals/d16_opt_baselines_001/plain_muon_bsz2097152_lr0p0075_s42/result.json
16,plain_muon,2097152,2M,0.01,42,0.8013148746601946,0.8013148746601946,2.659669390754219,3840.0,3840,2832.935693025589,,5,gpt2,results/d12-d16-base-opt-sweep/extracted/search_evals/d16_opt_baselines_001/plain_muon_bsz2097152_lr0p01_s42/result.json
16,plain_muon,2097152,2M,0.015,42,0.806220974891968,0.806220974891968,2.6751239248270915,3840.0,3840,2865.350327014923,,5,gpt2,results/d12-d16-base-opt-sweep/extracted/search_evals/d16_opt_baselines_001/plain_muon_bsz2097152_lr0p015_s42/result.json
16,plain_muon,2097152,2M,0.02,42,0.9218913687317096,0.9218913687317096,3.044932597771936,3840.0,3840,2838.903422355652,,5,gpt2,results/d12-d16-base-opt-sweep/extracted/search_evals/d16_opt_baselines_001/plain_muon_bsz2097152_lr0p02_s42/result.json
16,plain_muon,2097152,2M,0.03,42,0.9439799421717951,0.9439799421717951,3.112477712826631,3840.0,3840,2866.092081308365,,5,gpt2,results/d12-d16-base-opt-sweep/extracted/search_evals/d16_opt_baselines_001/plain_muon_bsz2097152_lr0p03_s42/result.json
16,plain_muon,2097152,2M,0.04,42,0.880706979946813,0.880706979946813,2.91348318704934,3840.0,3840,2827.3126227855682,,5,gpt2,results/d12-d16-base-opt-sweep/extracted/search_evals/d16_opt_baselines_001/plain_muon_bsz2097152_lr0p04_s42/result.json
16,plain_muon,8388608,8M,0.005,42,0.8519721402236716,0.8519721402236716,2.8199002925876693,960.0,960,2581.8052666187286,,5,gpt2,results/d12-d16-base-opt-sweep/extracted/search_evals/d16_opt_baselines_001/plain_muon_bsz8388608_lr0p005_s42/result.json
16,plain_muon,8388608,8M,0.0075,42,0.8456716464421449,0.8456716464421449,2.799592394463917,960.0,960,2575.4190752506256,,5,gpt2,results/d12-d16-base-opt-sweep/extracted/search_evals/d16_opt_baselines_001/plain_muon_bsz8388608_lr0p0075_s42/result.json
16,plain_muon,8388608,8M,0.01,42,0.9380110190036373,0.9380110190036373,3.09628650961783,960.0,960,2584.4497797489166,,5,gpt2,results/d12-d16-base-opt-sweep/extracted/search_evals/d16_opt_baselines_001/plain_muon_bsz8388608_lr0p01_s42/result.json
16,plain_muon,8388608,8M,0.015,42,0.9730834513181928,0.9730834513181928,3.2116082638595707,960.0,960,2611.41267991066,,5,gpt2,results/d12-d16-base-opt-sweep/extracted/search_evals/d16_opt_baselines_001/plain_muon_bsz8388608_lr0p015_s42/result.json
16,plain_muon,8388608,8M,0.02,42,1.049107607811105,1.049107607811105,3.457484985673832,960.0,960,2926.0354092121124,,5,gpt2,results/d12-d16-base-opt-sweep/extracted/search_evals/d16_opt_baselines_001/plain_muon_bsz8388608_lr0p02_s42/result.json
16,plain_muon,8388608,8M,0.03,42,1.093013179809522,1.093013179809522,3.602494323439507,960.0,960,2571.35582780838,,5,gpt2,results/d12-d16-base-opt-sweep/extracted/search_evals/d16_opt_baselines_001/plain_muon_bsz8388608_lr0p03_s42/result.json
16,plain_muon,8388608,8M,0.04,42,1.1579179100006467,1.1579179100006467,3.8230567627211003,960.0,960,2585.9621233940125,,5,gpt2,results/d12-d16-base-opt-sweep/extracted/search_evals/d16_opt_baselines_001/plain_muon_bsz8388608_lr0p04_s42/result.json
16,shampoo,524288,512K,0.005,42,1.045323456743974,1.045323456743974,3.4359460278192353,15360.0,15360,14114.051630735397,,5,gpt2,results/d12-d16-base-opt-sweep/extracted/search_evals/d16_opt_baselines_001/shampoo_bsz524288_lr0p005_s42/result.json
16,shampoo,524288,512K,0.0075,42,1.0239244719243936,1.0239244719243936,3.3686250386984775,15360.0,15360,14074.599100351334,,5,gpt2,results/d12-d16-base-opt-sweep/extracted/search_evals/d16_opt_baselines_001/shampoo_bsz524288_lr0p0075_s42/result.json
16,shampoo,524288,512K,0.01,42,1.004778297843505,1.004778297843505,3.3044556083628294,15360.0,15360,14169.942591667175,,5,gpt2,results/d12-d16-base-opt-sweep/extracted/search_evals/d16_opt_baselines_001/shampoo_bsz524288_lr0p01_s42/result.json
16,shampoo,524288,512K,0.015,42,1.0313393067161916,1.0313393067161916,3.3901763289148676,15360.0,15360,14082.508958339691,,5,gpt2,results/d12-d16-base-opt-sweep/extracted/search_evals/d16_opt_baselines_001/shampoo_bsz524288_lr0p015_s42/result.json
16,shampoo,524288,512K,0.02,42,1.1050294988237832,1.1050294988237832,3.62744132299582,15360.0,15360,14115.99171090126,,5,gpt2,results/d12-d16-base-opt-sweep/extracted/search_evals/d16_opt_baselines_001/shampoo_bsz524288_lr0p02_s42/result.json
16,shampoo,524288,512K,0.03,42,1.0047917026869213,1.0047917026869213,3.2963299102325134,15360.0,15360,4858.522485494614,,5,gpt2,results/d12-d16-base-opt-sweep/extracted/search_evals/d16_opt_baselines_001/shampoo_bsz524288_lr0p03_s42/result.json
16,shampoo,524288,512K,0.04,42,1.3591885181768804,,,15360.0,15360,3037.7626383304596,,5,gpt2,results/d12-d16-base-opt-sweep/extracted/search_evals/d16_opt_baselines_001/shampoo_bsz524288_lr0p04_s42/result.json
16,shampoo,2097152,2M,0.005,42,0.9581416158015781,0.9581416158015781,3.1591288956336454,3840.0,3840,5450.434381484985,,5,gpt2,results/d12-d16-base-opt-sweep/extracted/search_evals/d16_opt_baselines_001/shampoo_bsz2097152_lr0p005_s42/result.json
16,shampoo,2097152,2M,0.0075,42,1.025723691745321,1.025723691745321,3.3753450019020415,3840.0,3840,5396.047279119492,,5,gpt2,results/d12-d16-base-opt-sweep/extracted/search_evals/d16_opt_baselines_001/shampoo_bsz2097152_lr0p0075_s42/result.json
16,shampoo,2097152,2M,0.01,42,1.0200183005528674,1.0200183005528674,3.3567416031817356,3840.0,3840,5389.587304592133,,5,gpt2,results/d12-d16-base-opt-sweep/extracted/search_evals/d16_opt_baselines_001/shampoo_bsz2097152_lr0p01_s42/result.json
16,shampoo,2097152,2M,0.015,42,1.4566194125609702,2.3261226243803925,7.604963173392927,3840.0,3840,5344.250692367554,,5,gpt2,results/d12-d16-base-opt-sweep/extracted/search_evals/d16_opt_baselines_001/shampoo_bsz2097152_lr0p015_s42/result.json
16,shampoo,2097152,2M,0.02,42,2.3585881407142253,2.3585881407142253,7.708208252090707,3840.0,3840,5124.077293395996,,5,gpt2,results/d12-d16-base-opt-sweep/extracted/search_evals/d16_opt_baselines_001/shampoo_bsz2097152_lr0p02_s42/result.json
16,shampoo,2097152,2M,0.03,42,,,,,3840,9.744708776473999,PytorchStreamReader failed reading zip archive: failed finding central directory,5,gpt2,results/d12-d16-base-opt-sweep/extracted/search_evals/d16_opt_baselines_001/shampoo_bsz2097152_lr0p03_s42/result.json
16,shampoo,2097152,2M,0.04,42,2.9397296940571835,,,3840.0,3840,4947.8434154987335,,5,gpt2,results/d12-d16-base-opt-sweep/extracted/search_evals/d16_opt_baselines_001/shampoo_bsz2097152_lr0p04_s42/result.json
16,shampoo,8388608,8M,0.005,42,1.124942864699766,1.124942864699766,3.7008934892547307,960.0,960,3229.5358011722565,,5,gpt2,results/d12-d16-base-opt-sweep/extracted/search_evals/d16_opt_baselines_001/shampoo_bsz8388608_lr0p005_s42/result.json
16,shampoo,8388608,8M,0.0075,42,1.102786469997855,1.102786469997855,3.629353176284514,960.0,960,3239.31862783432,,5,gpt2,results/d12-d16-base-opt-sweep/extracted/search_evals/d16_opt_baselines_001/shampoo_bsz8388608_lr0p0075_s42/result.json
16,shampoo,8388608,8M,0.01,42,1.53443025353475,1.53443025353475,5.017489960272692,960.0,960,3199.3138053417206,,5,gpt2,results/d12-d16-base-opt-sweep/extracted/search_evals/d16_opt_baselines_001/shampoo_bsz8388608_lr0p01_s42/result.json
16,shampoo,8388608,8M,0.015,42,1.2842745725532947,1.2842745725532947,4.202519280967655,960.0,960,3213.717175722122,,5,gpt2,results/d12-d16-base-opt-sweep/extracted/search_evals/d16_opt_baselines_001/shampoo_bsz8388608_lr0p015_s42/result.json
16,shampoo,8388608,8M,0.02,42,1.1818741766510026,1.1818741766510026,3.888523437670761,960.0,960,3222.2346494197845,,5,gpt2,results/d12-d16-base-opt-sweep/extracted/search_evals/d16_opt_baselines_001/shampoo_bsz8388608_lr0p02_s42/result.json
16,shampoo,8388608,8M,0.03,42,1.5241462025829473,1.5241462025829473,4.988261461082109,960.0,960,3198.027779817581,,5,gpt2,results/d12-d16-base-opt-sweep/extracted/search_evals/d16_opt_baselines_001/shampoo_bsz8388608_lr0p03_s42/result.json
16,shampoo,8388608,8M,0.04,42,1.5138995402754842,1.5138995402754842,4.960902342456806,960.0,960,3228.84299325943,,5,gpt2,results/d12-d16-base-opt-sweep/extracted/search_evals/d16_opt_baselines_001/shampoo_bsz8388608_lr0p04_s42/result.json
16,soap,524288,512K,0.005,42,2.1694513069640253,2.1694513069640253,7.096464685545995,15360.0,15360,15036.127900600433,,5,gpt2,results/d12-d16-base-opt-sweep/extracted/search_evals/d16_opt_baselines_001/soap_bsz524288_lr0p005_s42/result.json
16,soap,524288,512K,0.0075,42,2.235718766290996,2.5187808018081497,8.29898791528716,15360.0,15360,14630.613000631332,,5,gpt2,results/d12-d16-base-opt-sweep/extracted/search_evals/d16_opt_baselines_001/soap_bsz524288_lr0p0075_s42/result.json
16,soap,524288,512K,0.01,42,2.264387451300412,2.468898553569977,8.10201665076066,15360.0,15360,14624.108317375183,,5,gpt2,results/d12-d16-base-opt-sweep/extracted/search_evals/d16_opt_baselines_001/soap_bsz524288_lr0p01_s42/result.json
16,soap,524288,512K,0.015,42,2.277320589145739,2.29080151410581,7.493287155306245,15360.0,15360,14731.899854660034,,5,gpt2,results/d12-d16-base-opt-sweep/extracted/search_evals/d16_opt_baselines_001/soap_bsz524288_lr0p015_s42/result.json
16,soap,524288,512K,0.02,42,2.2377016686960336,2.2377016686960336,7.30980125698593,15360.0,15360,14565.488322734833,,5,gpt2,results/d12-d16-base-opt-sweep/extracted/search_evals/d16_opt_baselines_001/soap_bsz524288_lr0p02_s42/result.json
16,soap,524288,512K,0.03,42,2.2308966455917605,2.2308966455917605,7.2890067742523605,15360.0,15360,14690.048380851746,,5,gpt2,results/d12-d16-base-opt-sweep/extracted/search_evals/d16_opt_baselines_001/soap_bsz524288_lr0p03_s42/result.json
16,soap,524288,512K,0.04,42,2.2652733303037005,2.3073945364968678,7.5376539586727285,15360.0,15360,14779.07916378975,,5,gpt2,results/d12-d16-base-opt-sweep/extracted/search_evals/d16_opt_baselines_001/soap_bsz524288_lr0p04_s42/result.json
16,soap,2097152,2M,0.005,42,2.232880417500155,2.232880417500155,7.2960091385031856,3840.0,3840,5535.285102844238,,5,gpt2,results/d12-d16-base-opt-sweep/extracted/search_evals/d16_opt_baselines_001/soap_bsz2097152_lr0p005_s42/result.json
16,soap,2097152,2M,0.0075,42,2.28814329742704,2.28814329742704,7.477489184921134,3840.0,3840,5532.389531612396,,5,gpt2,results/d12-d16-base-opt-sweep/extracted/search_evals/d16_opt_baselines_001/soap_bsz2097152_lr0p0075_s42/result.json
16,soap,2097152,2M,0.01,42,2.238220327448327,2.270137766832964,7.413161522311219,3840.0,3840,5498.967638731003,,5,gpt2,results/d12-d16-base-opt-sweep/extracted/search_evals/d16_opt_baselines_001/soap_bsz2097152_lr0p01_s42/result.json
16,soap,2097152,2M,0.015,42,2.263634316476252,2.2659800916155013,7.410607750557361,3840.0,3840,5522.102853536606,,5,gpt2,results/d12-d16-base-opt-sweep/extracted/search_evals/d16_opt_baselines_001/soap_bsz2097152_lr0p015_s42/result.json
16,soap,2097152,2M,0.02,42,2.2212392167257127,2.31212072199241,7.567605995346048,3840.0,3840,5491.320469379425,,5,gpt2,results/d12-d16-base-opt-sweep/extracted/search_evals/d16_opt_baselines_001/soap_bsz2097152_lr0p02_s42/result.json
16,soap,2097152,2M,0.03,42,2.3079300056473913,2.3079300056473913,7.544738067427318,3840.0,3840,5503.297805547714,,5,gpt2,results/d12-d16-base-opt-sweep/extracted/search_evals/d16_opt_baselines_001/soap_bsz2097152_lr0p03_s42/result.json
16,soap,2097152,2M,0.04,42,2.302306057936019,2.45108851631394,8.020890500759668,3840.0,3840,5507.695287227631,,5,gpt2,results/d12-d16-base-opt-sweep/extracted/search_evals/d16_opt_baselines_001/soap_bsz2097152_lr0p04_s42/result.json
16,soap,8388608,8M,0.005,42,2.234070912512754,2.234070912512754,7.295728725150768,960.0,960,3194.946277856827,,5,gpt2,results/d12-d16-base-opt-sweep/extracted/search_evals/d16_opt_baselines_001/soap_bsz8388608_lr0p005_s42/result.json
16,soap,8388608,8M,0.0075,42,2.2845744208993146,2.2845744208993146,7.47149751902371,960.0,960,3183.410174369812,,5,gpt2,results/d12-d16-base-opt-sweep/extracted/search_evals/d16_opt_baselines_001/soap_bsz8388608_lr0p0075_s42/result.json
16,soap,8388608,8M,0.01,42,2.323075739701161,2.323075739701161,7.588152019919724,960.0,960,3162.6590447425842,,5,gpt2,results/d12-d16-base-opt-sweep/extracted/search_evals/d16_opt_baselines_001/soap_bsz8388608_lr0p01_s42/result.json
16,soap,8388608,8M,0.015,42,2.3261860981254343,2.3261860981254343,7.59943606724648,960.0,960,3181.2708790302277,,5,gpt2,results/d12-d16-base-opt-sweep/extracted/search_evals/d16_opt_baselines_001/soap_bsz8388608_lr0p015_s42/result.json
16,soap,8388608,8M,0.02,42,2.308485328457894,2.308485328457894,7.544107421828118,960.0,960,3184.319145679474,,5,gpt2,results/d12-d16-base-opt-sweep/extracted/search_evals/d16_opt_baselines_001/soap_bsz8388608_lr0p02_s42/result.json
16,soap,8388608,8M,0.03,42,3.2405277141278255,,,960.0,960,3100.41011428833,,5,gpt2,results/d12-d16-base-opt-sweep/extracted/search_evals/d16_opt_baselines_001/soap_bsz8388608_lr0p03_s42/result.json
16,soap,8388608,8M,0.04,42,3.2405277141278255,,,960.0,960,3092.4276609420776,,5,gpt2,results/d12-d16-base-opt-sweep/extracted/search_evals/d16_opt_baselines_001/soap_bsz8388608_lr0p04_s42/result.json
