depth,batch_size,optimizer,batch_label,lr,seed,score_best_val_bpb,final_val_bpb,train_loss_final,steps_completed,max_steps,eval_time_seconds,error,precondition_frequency,architecture,path,delta_vs_plain_muon,delta_vs_adamw
12,524288,adamw,512K,0.005,42,0.9027575850736543,0.9027575850736543,2.976992501063494,6480.0,6480,552.2665905952454,,5,gpt2,results/d12-d16-base-opt-sweep/extracted/search_evals/d12_opt_baselines_001/adamw_bsz524288_lr0p005_s42/result.json,0.034941427142140546,0.0
12,524288,kl_shampoo,512K,0.005,42,0.9213658264111754,0.9213658264111754,3.036395972407122,6480.0,6480,3320.0101823806763,,5,gpt2,results/d12-d16-base-opt-sweep/extracted/search_evals/d12_opt_baselines_001/kl_shampoo_bsz524288_lr0p005_s42/result.json,0.05354966847966158,0.018608241337521036
12,524288,kl_soap,512K,0.01,42,2.189605380352598,2.209876691777104,7.225996178979548,6480.0,6480,3374.47590303421,,5,gpt2,results/d12-d16-base-opt-sweep/extracted/search_evals/d12_opt_baselines_001/kl_soap_bsz524288_lr0p01_s42/result.json,1.3217892224210843,1.2868477952789439
12,524288,plain_muon,512K,0.01,42,0.8678161579315138,0.8678161579315138,2.8682455010229826,6480.0,6480,465.40843415260315,,5,gpt2,results/d12-d16-base-opt-sweep/extracted/search_evals/d12_opt_baselines_001/plain_muon_bsz524288_lr0p01_s42/result.json,0.0,-0.034941427142140546
12,524288,shampoo,512K,0.005,42,0.99431810000335,0.99431810000335,3.2715238675858926,6480.0,6480,3138.416309118271,,5,gpt2,results/d12-d16-base-opt-sweep/extracted/search_evals/d12_opt_baselines_001/shampoo_bsz524288_lr0p005_s42/result.json,0.12650194207183618,0.09156051492969564
12,524288,soap,512K,0.01,42,2.226163069317686,2.226163069317686,7.282888514354925,6480.0,6480,3191.8609874248505,,5,gpt2,results/d12-d16-base-opt-sweep/extracted/search_evals/d12_opt_baselines_001/soap_bsz524288_lr0p01_s42/result.json,1.3583469113861721,1.3234054842440317
12,2097152,adamw,2M,0.005,42,1.9862233281917556,2.1402016487950832,6.9873091117089094,1620.0,1620,867.4955306053162,,5,gpt2,results/d12-d16-base-opt-sweep/extracted/search_evals/d12_opt_baselines_001/adamw_bsz2097152_lr0p005_s42/result.json,1.100624160066877,0.0
12,2097152,kl_shampoo,2M,0.0075,42,1.1012958514099562,1.1012958514099562,3.6199616085358444,1620.0,1620,1419.3105416297913,,5,gpt2,results/d12-d16-base-opt-sweep/extracted/search_evals/d12_opt_baselines_001/kl_shampoo_bsz2097152_lr0p0075_s42/result.json,0.21569668328507752,-0.8849274767817994
12,2097152,kl_soap,2M,0.005,42,2.124927807913421,2.124927807913421,6.943674314829818,1620.0,1620,1415.404530286789,,5,gpt2,results/d12-d16-base-opt-sweep/extracted/search_evals/d12_opt_baselines_001/kl_soap_bsz2097152_lr0p005_s42/result.json,1.2393286397885424,0.13870447972166544
12,2097152,plain_muon,2M,0.015,42,0.8855991681248787,0.8855991681248787,2.923868231389446,1620.0,1620,864.1133143901825,,5,gpt2,results/d12-d16-base-opt-sweep/extracted/search_evals/d12_opt_baselines_001/plain_muon_bsz2097152_lr0p015_s42/result.json,0.0,-1.100624160066877
12,2097152,shampoo,2M,0.02,42,1.0592731164719391,1.0592731164719391,3.488165212842091,1620.0,1620,1359.551471233368,,5,gpt2,results/d12-d16-base-opt-sweep/extracted/search_evals/d12_opt_baselines_001/shampoo_bsz2097152_lr0p02_s42/result.json,0.1736739483470604,-0.9269502117198165
12,2097152,soap,2M,0.01,42,2.171267554559022,2.171267554559022,7.098197193683813,1620.0,1620,1368.9892835617065,,5,gpt2,results/d12-d16-base-opt-sweep/extracted/search_evals/d12_opt_baselines_001/soap_bsz2097152_lr0p01_s42/result.json,1.2856683864341434,0.18504422636726647
12,8388608,adamw,8M,0.005,42,1.9702215680832789,2.019685585206861,6.604831469119454,405.0,405,791.9801874160767,,5,gpt2,results/d12-d16-base-opt-sweep/extracted/search_evals/d12_opt_baselines_001/adamw_bsz8388608_lr0p005_s42/result.json,1.007567447236077,0.0
12,8388608,kl_shampoo,8M,0.005,42,1.274230069776273,1.274230069776273,4.248611108032699,405.0,405,937.7875323295593,,5,gpt2,results/d12-d16-base-opt-sweep/extracted/search_evals/d12_opt_baselines_001/kl_shampoo_bsz8388608_lr0p005_s42/result.json,0.3115759489290709,-0.6959914983070059
12,8388608,kl_soap,8M,0.01,42,2.362822911895985,2.362822911895985,7.817961189074504,405.0,405,925.0680565834045,,5,gpt2,results/d12-d16-base-opt-sweep/extracted/search_evals/d12_opt_baselines_001/kl_soap_bsz8388608_lr0p01_s42/result.json,1.4001687910487828,0.39260134381270606
12,8388608,plain_muon,8M,0.02,42,0.962654120847202,0.962654120847202,3.181066794239395,405.0,405,790.260659456253,,5,gpt2,results/d12-d16-base-opt-sweep/extracted/search_evals/d12_opt_baselines_001/plain_muon_bsz8388608_lr0p02_s42/result.json,0.0,-1.007567447236077
12,8388608,shampoo,8M,0.02,42,1.583125629690977,1.583125629690977,5.201715905945077,405.0,405,909.7386431694031,,5,gpt2,results/d12-d16-base-opt-sweep/extracted/search_evals/d12_opt_baselines_001/shampoo_bsz8388608_lr0p02_s42/result.json,0.620471508843775,-0.38709593839230183
12,8388608,soap,8M,0.01,42,2.365884723049507,2.365884723049507,7.847791769712295,405.0,405,900.3197157382965,,5,gpt2,results/d12-d16-base-opt-sweep/extracted/search_evals/d12_opt_baselines_001/soap_bsz8388608_lr0p01_s42/result.json,1.4032306022023047,0.39566315496622795
16,524288,adamw,512K,0.005,42,0.7964223966476766,0.7964223966476766,2.6385988689886544,15360.0,15360,3926.98392534256,,5,gpt2,results/d12-d16-base-opt-sweep/extracted/search_evals/d16_opt_baselines_001/adamw_bsz524288_lr0p005_s42/result.json,0.002835015694639842,0.0
16,524288,kl_shampoo,512K,0.005,42,0.8984879612990121,0.8984879612990121,2.9598187718762046,15360.0,15360,4576.9088451862335,,5,gpt2,results/d12-d16-base-opt-sweep/extracted/search_evals/d16_opt_baselines_001/kl_shampoo_bsz524288_lr0p005_s42/result.json,0.10490058034597538,0.10206556465133554
16,524288,kl_soap,512K,0.0075,42,2.1295616811359226,2.24181470940785,7.317536393896638,15360.0,15360,15714.729182481766,,5,gpt2,results/d12-d16-base-opt-sweep/extracted/search_evals/d16_opt_baselines_001/kl_soap_bsz524288_lr0p0075_s42/result.json,1.3359743001828859,1.333139284488246
16,524288,plain_muon,512K,0.005,42,0.7935873809530367,0.7935873809530367,2.6293517765001755,15360.0,15360,3797.8612127304077,,5,gpt2,results/d12-d16-base-opt-sweep/extracted/search_evals/d16_opt_baselines_001/plain_muon_bsz524288_lr0p005_s42/result.json,0.0,-0.002835015694639842
16,524288,shampoo,512K,0.01,42,1.004778297843505,1.004778297843505,3.3044556083628294,15360.0,15360,14169.942591667175,,5,gpt2,results/d12-d16-base-opt-sweep/extracted/search_evals/d16_opt_baselines_001/shampoo_bsz524288_lr0p01_s42/result.json,0.2111909168904682,0.20835590119582836
16,524288,soap,512K,0.005,42,2.1694513069640253,2.1694513069640253,7.096464685545995,15360.0,15360,15036.127900600433,,5,gpt2,results/d12-d16-base-opt-sweep/extracted/search_evals/d16_opt_baselines_001/soap_bsz524288_lr0p005_s42/result.json,1.3758639260109886,1.3730289103163487
16,2097152,adamw,2M,0.005,42,2.210968498158713,2.255483012341298,7.362733488807933,3840.0,3840,2814.426334619522,,5,gpt2,results/d12-d16-base-opt-sweep/extracted/search_evals/d16_opt_baselines_001/adamw_bsz2097152_lr0p005_s42/result.json,1.4102912592934589,0.0
16,2097152,kl_shampoo,2M,0.02,42,1.4914025900921848,1.4914025900921848,4.9098467323657955,3840.0,3840,5430.891323328018,,5,gpt2,results/d12-d16-base-opt-sweep/extracted/search_evals/d16_opt_baselines_001/kl_shampoo_bsz2097152_lr0p02_s42/result.json,0.6907253512269305,-0.7195659080665284
16,2097152,kl_soap,2M,0.01,42,2.192962387895732,2.223716286871829,7.273332689503669,3840.0,3840,5533.112875699997,,5,gpt2,results/d12-d16-base-opt-sweep/extracted/search_evals/d16_opt_baselines_001/kl_soap_bsz2097152_lr0p01_s42/result.json,1.3922851490304777,-0.018006110262981156
16,2097152,plain_muon,2M,0.0075,42,0.8006772388652543,0.8006772388652543,2.656805594488497,3840.0,3840,2825.192770719528,,5,gpt2,results/d12-d16-base-opt-sweep/extracted/search_evals/d16_opt_baselines_001/plain_muon_bsz2097152_lr0p0075_s42/result.json,0.0,-1.4102912592934589
16,2097152,shampoo,2M,0.005,42,0.9581416158015781,0.9581416158015781,3.1591288956336454,3840.0,3840,5450.434381484985,,5,gpt2,results/d12-d16-base-opt-sweep/extracted/search_evals/d16_opt_baselines_001/shampoo_bsz2097152_lr0p005_s42/result.json,0.15746437693632376,-1.2528268823571351
16,2097152,soap,2M,0.02,42,2.2212392167257127,2.31212072199241,7.567605995346048,3840.0,3840,5491.320469379425,,5,gpt2,results/d12-d16-base-opt-sweep/extracted/search_evals/d16_opt_baselines_001/soap_bsz2097152_lr0p02_s42/result.json,1.4205619778604583,0.01027071856699946
16,8388608,adamw,8M,0.0075,42,2.058169369024347,2.2229341686024444,7.261556610888456,960.0,960,2528.2307708263397,,5,gpt2,results/d12-d16-base-opt-sweep/extracted/search_evals/d16_opt_baselines_001/adamw_bsz8388608_lr0p0075_s42/result.json,1.212497722582202,0.0
16,8388608,kl_shampoo,8M,0.0075,42,1.3832973826663435,1.3832973826663435,4.554486105121555,960.0,960,3294.4680786132812,,5,gpt2,results/d12-d16-base-opt-sweep/extracted/search_evals/d16_opt_baselines_001/kl_shampoo_bsz8388608_lr0p0075_s42/result.json,0.5376257362241986,-0.6748719863580035
16,8388608,kl_soap,8M,0.0075,42,2.2000727515954464,2.2000727515954464,7.1887090147052515,960.0,960,3249.510490179062,,5,gpt2,results/d12-d16-base-opt-sweep/extracted/search_evals/d16_opt_baselines_001/kl_soap_bsz8388608_lr0p0075_s42/result.json,1.3544011051533014,0.14190338257109936
16,8388608,plain_muon,8M,0.0075,42,0.8456716464421449,0.8456716464421449,2.799592394463917,960.0,960,2575.4190752506256,,5,gpt2,results/d12-d16-base-opt-sweep/extracted/search_evals/d16_opt_baselines_001/plain_muon_bsz8388608_lr0p0075_s42/result.json,0.0,-1.212497722582202
16,8388608,shampoo,8M,0.0075,42,1.102786469997855,1.102786469997855,3.629353176284514,960.0,960,3239.31862783432,,5,gpt2,results/d12-d16-base-opt-sweep/extracted/search_evals/d16_opt_baselines_001/shampoo_bsz8388608_lr0p0075_s42/result.json,0.25711482355571,-0.9553828990264921
16,8388608,soap,8M,0.005,42,2.234070912512754,2.234070912512754,7.295728725150768,960.0,960,3194.946277856827,,5,gpt2,results/d12-d16-base-opt-sweep/extracted/search_evals/d16_opt_baselines_001/soap_bsz8388608_lr0p005_s42/result.json,1.3883992660706088,0.1759015434884068
