time,method,batch,lr,seed,top_k,alpha,score,error,result_json,log_file
2026-05-12 23:52:13 UTC,adamw,262144,0.000125,42,,,1.7159460352803793,,/outputs/search_evals/modal_d8_structured_tune_lrmin_20260512_194654/adamw_bsz262144_lr0p000125_s42/result.json,/outputs/logs/modal_d8_structured_tune_lrmin_20260512_194654/adamw_bsz262144_lr0p000125_s42.log
2026-05-12 23:53:25 UTC,adamw,262144,0.00025,42,,,1.6988240650139734,,/outputs/search_evals/modal_d8_structured_tune_lrmin_20260512_194654/adamw_bsz262144_lr0p00025_s42/result.json,/outputs/logs/modal_d8_structured_tune_lrmin_20260512_194654/adamw_bsz262144_lr0p00025_s42.log
2026-05-12 23:54:37 UTC,adamw,262144,0.0005,42,,,1.6776381809754066,,/outputs/search_evals/modal_d8_structured_tune_lrmin_20260512_194654/adamw_bsz262144_lr0p0005_s42/result.json,/outputs/logs/modal_d8_structured_tune_lrmin_20260512_194654/adamw_bsz262144_lr0p0005_s42.log
2026-05-12 23:55:50 UTC,adamw,262144,0.001,42,,,1.7189329242279958,,/outputs/search_evals/modal_d8_structured_tune_lrmin_20260512_194654/adamw_bsz262144_lr0p001_s42/result.json,/outputs/logs/modal_d8_structured_tune_lrmin_20260512_194654/adamw_bsz262144_lr0p001_s42.log
2026-05-12 23:57:02 UTC,adamw,262144,0.002,42,,,1.7447660138738676,,/outputs/search_evals/modal_d8_structured_tune_lrmin_20260512_194654/adamw_bsz262144_lr0p002_s42/result.json,/outputs/logs/modal_d8_structured_tune_lrmin_20260512_194654/adamw_bsz262144_lr0p002_s42.log
2026-05-12 23:58:15 UTC,adamw,262144,0.004,42,,,2.0965812738976757,,/outputs/search_evals/modal_d8_structured_tune_lrmin_20260512_194654/adamw_bsz262144_lr0p004_s42/result.json,/outputs/logs/modal_d8_structured_tune_lrmin_20260512_194654/adamw_bsz262144_lr0p004_s42.log
2026-05-12 23:59:27 UTC,adamw,262144,0.008,42,,,2.12581629542678,,/outputs/search_evals/modal_d8_structured_tune_lrmin_20260512_194654/adamw_bsz262144_lr0p008_s42/result.json,/outputs/logs/modal_d8_structured_tune_lrmin_20260512_194654/adamw_bsz262144_lr0p008_s42.log
2026-05-13 00:00:39 UTC,adamw,262144,0.015,42,,,2.135214467375294,,/outputs/search_evals/modal_d8_structured_tune_lrmin_20260512_194654/adamw_bsz262144_lr0p015_s42/result.json,/outputs/logs/modal_d8_structured_tune_lrmin_20260512_194654/adamw_bsz262144_lr0p015_s42.log
2026-05-13 00:01:52 UTC,adamw,262144,0.03,42,,,2.2802342948941634,,/outputs/search_evals/modal_d8_structured_tune_lrmin_20260512_194654/adamw_bsz262144_lr0p03_s42/result.json,/outputs/logs/modal_d8_structured_tune_lrmin_20260512_194654/adamw_bsz262144_lr0p03_s42.log
2026-05-13 00:03:04 UTC,adamw,262144,0.06,42,,,2.3112858538527163,,/outputs/search_evals/modal_d8_structured_tune_lrmin_20260512_194654/adamw_bsz262144_lr0p06_s42/result.json,/outputs/logs/modal_d8_structured_tune_lrmin_20260512_194654/adamw_bsz262144_lr0p06_s42.log
2026-05-13 00:04:31 UTC,soap,262144,0.000125,42,,,1.7426660183501226,,/outputs/search_evals/modal_d8_structured_tune_lrmin_20260512_194654/soap_bsz262144_lr0p000125_s42/result.json,/outputs/logs/modal_d8_structured_tune_lrmin_20260512_194654/soap_bsz262144_lr0p000125_s42.log
2026-05-13 00:05:58 UTC,soap,262144,0.00025,42,,,1.7422960446718312,,/outputs/search_evals/modal_d8_structured_tune_lrmin_20260512_194654/soap_bsz262144_lr0p00025_s42/result.json,/outputs/logs/modal_d8_structured_tune_lrmin_20260512_194654/soap_bsz262144_lr0p00025_s42.log
2026-05-13 00:07:28 UTC,soap,262144,0.0005,42,,,1.7431501868025987,,/outputs/search_evals/modal_d8_structured_tune_lrmin_20260512_194654/soap_bsz262144_lr0p0005_s42/result.json,/outputs/logs/modal_d8_structured_tune_lrmin_20260512_194654/soap_bsz262144_lr0p0005_s42.log
2026-05-13 00:08:54 UTC,soap,262144,0.001,42,,,1.7417250708009073,,/outputs/search_evals/modal_d8_structured_tune_lrmin_20260512_194654/soap_bsz262144_lr0p001_s42/result.json,/outputs/logs/modal_d8_structured_tune_lrmin_20260512_194654/soap_bsz262144_lr0p001_s42.log
2026-05-13 00:10:22 UTC,soap,262144,0.002,42,,,1.7322502376397744,,/outputs/search_evals/modal_d8_structured_tune_lrmin_20260512_194654/soap_bsz262144_lr0p002_s42/result.json,/outputs/logs/modal_d8_structured_tune_lrmin_20260512_194654/soap_bsz262144_lr0p002_s42.log
2026-05-13 00:11:49 UTC,soap,262144,0.004,42,,,1.7264181887916894,,/outputs/search_evals/modal_d8_structured_tune_lrmin_20260512_194654/soap_bsz262144_lr0p004_s42/result.json,/outputs/logs/modal_d8_structured_tune_lrmin_20260512_194654/soap_bsz262144_lr0p004_s42.log
2026-05-13 00:13:17 UTC,soap,262144,0.008,42,,,2.062540652233114,,/outputs/search_evals/modal_d8_structured_tune_lrmin_20260512_194654/soap_bsz262144_lr0p008_s42/result.json,/outputs/logs/modal_d8_structured_tune_lrmin_20260512_194654/soap_bsz262144_lr0p008_s42.log
2026-05-13 00:14:46 UTC,soap,262144,0.015,42,,,2.2647610479093565,,/outputs/search_evals/modal_d8_structured_tune_lrmin_20260512_194654/soap_bsz262144_lr0p015_s42/result.json,/outputs/logs/modal_d8_structured_tune_lrmin_20260512_194654/soap_bsz262144_lr0p015_s42.log
2026-05-13 00:16:16 UTC,soap,262144,0.03,42,,,2.2458929699853973,,/outputs/search_evals/modal_d8_structured_tune_lrmin_20260512_194654/soap_bsz262144_lr0p03_s42/result.json,/outputs/logs/modal_d8_structured_tune_lrmin_20260512_194654/soap_bsz262144_lr0p03_s42.log
2026-05-13 00:17:43 UTC,soap,262144,0.06,42,,,2.352914776228745,,/outputs/search_evals/modal_d8_structured_tune_lrmin_20260512_194654/soap_bsz262144_lr0p06_s42/result.json,/outputs/logs/modal_d8_structured_tune_lrmin_20260512_194654/soap_bsz262144_lr0p06_s42.log
2026-05-13 00:19:08 UTC,shampoo,262144,0.000125,42,,,1.7415474022816808,,/outputs/search_evals/modal_d8_structured_tune_lrmin_20260512_194654/shampoo_bsz262144_lr0p000125_s42/result.json,/outputs/logs/modal_d8_structured_tune_lrmin_20260512_194654/shampoo_bsz262144_lr0p000125_s42.log
2026-05-13 00:20:34 UTC,shampoo,262144,0.00025,42,,,1.746886442726496,,/outputs/search_evals/modal_d8_structured_tune_lrmin_20260512_194654/shampoo_bsz262144_lr0p00025_s42/result.json,/outputs/logs/modal_d8_structured_tune_lrmin_20260512_194654/shampoo_bsz262144_lr0p00025_s42.log
2026-05-13 00:22:00 UTC,shampoo,262144,0.0005,42,,,1.8196453242804098,,/outputs/search_evals/modal_d8_structured_tune_lrmin_20260512_194654/shampoo_bsz262144_lr0p0005_s42/result.json,/outputs/logs/modal_d8_structured_tune_lrmin_20260512_194654/shampoo_bsz262144_lr0p0005_s42.log
2026-05-13 00:23:28 UTC,shampoo,262144,0.001,42,,,1.7797546840317242,,/outputs/search_evals/modal_d8_structured_tune_lrmin_20260512_194654/shampoo_bsz262144_lr0p001_s42/result.json,/outputs/logs/modal_d8_structured_tune_lrmin_20260512_194654/shampoo_bsz262144_lr0p001_s42.log
2026-05-13 00:24:54 UTC,shampoo,262144,0.002,42,,,2.2675725870133645,,/outputs/search_evals/modal_d8_structured_tune_lrmin_20260512_194654/shampoo_bsz262144_lr0p002_s42/result.json,/outputs/logs/modal_d8_structured_tune_lrmin_20260512_194654/shampoo_bsz262144_lr0p002_s42.log
2026-05-13 00:26:20 UTC,shampoo,262144,0.004,42,,,2.219367610750337,,/outputs/search_evals/modal_d8_structured_tune_lrmin_20260512_194654/shampoo_bsz262144_lr0p004_s42/result.json,/outputs/logs/modal_d8_structured_tune_lrmin_20260512_194654/shampoo_bsz262144_lr0p004_s42.log
2026-05-13 00:27:46 UTC,shampoo,262144,0.008,42,,,2.324731274092388,,/outputs/search_evals/modal_d8_structured_tune_lrmin_20260512_194654/shampoo_bsz262144_lr0p008_s42/result.json,/outputs/logs/modal_d8_structured_tune_lrmin_20260512_194654/shampoo_bsz262144_lr0p008_s42.log
2026-05-13 00:29:12 UTC,shampoo,262144,0.015,42,,,2.3249912555960517,,/outputs/search_evals/modal_d8_structured_tune_lrmin_20260512_194654/shampoo_bsz262144_lr0p015_s42/result.json,/outputs/logs/modal_d8_structured_tune_lrmin_20260512_194654/shampoo_bsz262144_lr0p015_s42.log
2026-05-13 00:30:40 UTC,shampoo,262144,0.03,42,,,2.2110606655145273,,/outputs/search_evals/modal_d8_structured_tune_lrmin_20260512_194654/shampoo_bsz262144_lr0p03_s42/result.json,/outputs/logs/modal_d8_structured_tune_lrmin_20260512_194654/shampoo_bsz262144_lr0p03_s42.log
2026-05-13 00:32:08 UTC,shampoo,262144,0.06,42,,,2.1910942599337835,,/outputs/search_evals/modal_d8_structured_tune_lrmin_20260512_194654/shampoo_bsz262144_lr0p06_s42/result.json,/outputs/logs/modal_d8_structured_tune_lrmin_20260512_194654/shampoo_bsz262144_lr0p06_s42.log
2026-05-13 00:34:28 UTC,kl_soap,262144,0.000125,42,,,1.7389162851241957,,/outputs/search_evals/modal_d8_structured_tune_lrmin_20260512_194654/kl_soap_bsz262144_lr0p000125_s42/result.json,/outputs/logs/modal_d8_structured_tune_lrmin_20260512_194654/kl_soap_bsz262144_lr0p000125_s42.log
2026-05-13 00:36:50 UTC,kl_soap,262144,0.00025,42,,,1.7336226037711568,,/outputs/search_evals/modal_d8_structured_tune_lrmin_20260512_194654/kl_soap_bsz262144_lr0p00025_s42/result.json,/outputs/logs/modal_d8_structured_tune_lrmin_20260512_194654/kl_soap_bsz262144_lr0p00025_s42.log
2026-05-13 00:39:12 UTC,kl_soap,262144,0.0005,42,,,1.7182544217752889,,/outputs/search_evals/modal_d8_structured_tune_lrmin_20260512_194654/kl_soap_bsz262144_lr0p0005_s42/result.json,/outputs/logs/modal_d8_structured_tune_lrmin_20260512_194654/kl_soap_bsz262144_lr0p0005_s42.log
2026-05-13 00:41:32 UTC,kl_soap,262144,0.001,42,,,1.6865294324669433,,/outputs/search_evals/modal_d8_structured_tune_lrmin_20260512_194654/kl_soap_bsz262144_lr0p001_s42/result.json,/outputs/logs/modal_d8_structured_tune_lrmin_20260512_194654/kl_soap_bsz262144_lr0p001_s42.log
2026-05-13 00:43:52 UTC,kl_soap,262144,0.002,42,,,1.6473926516285484,,/outputs/search_evals/modal_d8_structured_tune_lrmin_20260512_194654/kl_soap_bsz262144_lr0p002_s42/result.json,/outputs/logs/modal_d8_structured_tune_lrmin_20260512_194654/kl_soap_bsz262144_lr0p002_s42.log
2026-05-13 00:46:15 UTC,kl_soap,262144,0.004,42,,,1.585408365836863,,/outputs/search_evals/modal_d8_structured_tune_lrmin_20260512_194654/kl_soap_bsz262144_lr0p004_s42/result.json,/outputs/logs/modal_d8_structured_tune_lrmin_20260512_194654/kl_soap_bsz262144_lr0p004_s42.log
2026-05-13 00:48:36 UTC,kl_soap,262144,0.008,42,,,1.5230884517494772,,/outputs/search_evals/modal_d8_structured_tune_lrmin_20260512_194654/kl_soap_bsz262144_lr0p008_s42/result.json,/outputs/logs/modal_d8_structured_tune_lrmin_20260512_194654/kl_soap_bsz262144_lr0p008_s42.log
2026-05-13 00:50:58 UTC,kl_soap,262144,0.015,42,,,1.5329728209916333,,/outputs/search_evals/modal_d8_structured_tune_lrmin_20260512_194654/kl_soap_bsz262144_lr0p015_s42/result.json,/outputs/logs/modal_d8_structured_tune_lrmin_20260512_194654/kl_soap_bsz262144_lr0p015_s42.log
2026-05-13 00:53:19 UTC,kl_soap,262144,0.03,42,,,1.9792107836196746,,/outputs/search_evals/modal_d8_structured_tune_lrmin_20260512_194654/kl_soap_bsz262144_lr0p03_s42/result.json,/outputs/logs/modal_d8_structured_tune_lrmin_20260512_194654/kl_soap_bsz262144_lr0p03_s42.log
2026-05-13 00:55:41 UTC,kl_soap,262144,0.06,42,,,1.94829646127426,,/outputs/search_evals/modal_d8_structured_tune_lrmin_20260512_194654/kl_soap_bsz262144_lr0p06_s42/result.json,/outputs/logs/modal_d8_structured_tune_lrmin_20260512_194654/kl_soap_bsz262144_lr0p06_s42.log
2026-05-13 00:57:58 UTC,kl_shampoo,262144,0.000125,42,,,2.3531089653117494,,/outputs/search_evals/modal_d8_structured_tune_lrmin_20260512_194654/kl_shampoo_bsz262144_lr0p000125_s42/result.json,/outputs/logs/modal_d8_structured_tune_lrmin_20260512_194654/kl_shampoo_bsz262144_lr0p000125_s42.log
2026-05-13 01:00:19 UTC,kl_shampoo,262144,0.00025,42,,,2.353885141974863,,/outputs/search_evals/modal_d8_structured_tune_lrmin_20260512_194654/kl_shampoo_bsz262144_lr0p00025_s42/result.json,/outputs/logs/modal_d8_structured_tune_lrmin_20260512_194654/kl_shampoo_bsz262144_lr0p00025_s42.log
2026-05-13 01:02:38 UTC,kl_shampoo,262144,0.0005,42,,,2.3536968944981296,,/outputs/search_evals/modal_d8_structured_tune_lrmin_20260512_194654/kl_shampoo_bsz262144_lr0p0005_s42/result.json,/outputs/logs/modal_d8_structured_tune_lrmin_20260512_194654/kl_shampoo_bsz262144_lr0p0005_s42.log
2026-05-13 01:04:56 UTC,kl_shampoo,262144,0.001,42,,,2.353508936855848,,/outputs/search_evals/modal_d8_structured_tune_lrmin_20260512_194654/kl_shampoo_bsz262144_lr0p001_s42/result.json,/outputs/logs/modal_d8_structured_tune_lrmin_20260512_194654/kl_shampoo_bsz262144_lr0p001_s42.log
2026-05-13 01:07:16 UTC,kl_shampoo,262144,0.002,42,,,2.3539623828563863,,/outputs/search_evals/modal_d8_structured_tune_lrmin_20260512_194654/kl_shampoo_bsz262144_lr0p002_s42/result.json,/outputs/logs/modal_d8_structured_tune_lrmin_20260512_194654/kl_shampoo_bsz262144_lr0p002_s42.log
2026-05-13 01:09:34 UTC,kl_shampoo,262144,0.004,42,,,2.3540167268161825,,/outputs/search_evals/modal_d8_structured_tune_lrmin_20260512_194654/kl_shampoo_bsz262144_lr0p004_s42/result.json,/outputs/logs/modal_d8_structured_tune_lrmin_20260512_194654/kl_shampoo_bsz262144_lr0p004_s42.log
2026-05-13 01:11:53 UTC,kl_shampoo,262144,0.008,42,,,2.35406092657015,,/outputs/search_evals/modal_d8_structured_tune_lrmin_20260512_194654/kl_shampoo_bsz262144_lr0p008_s42/result.json,/outputs/logs/modal_d8_structured_tune_lrmin_20260512_194654/kl_shampoo_bsz262144_lr0p008_s42.log
2026-05-13 01:14:13 UTC,kl_shampoo,262144,0.015,42,,,2.3540742589549533,,/outputs/search_evals/modal_d8_structured_tune_lrmin_20260512_194654/kl_shampoo_bsz262144_lr0p015_s42/result.json,/outputs/logs/modal_d8_structured_tune_lrmin_20260512_194654/kl_shampoo_bsz262144_lr0p015_s42.log
2026-05-13 01:16:30 UTC,kl_shampoo,262144,0.03,42,,,2.354073679286049,,/outputs/search_evals/modal_d8_structured_tune_lrmin_20260512_194654/kl_shampoo_bsz262144_lr0p03_s42/result.json,/outputs/logs/modal_d8_structured_tune_lrmin_20260512_194654/kl_shampoo_bsz262144_lr0p03_s42.log
2026-05-13 01:18:55 UTC,kl_shampoo,262144,0.06,42,,,2.354096721125002,,/outputs/search_evals/modal_d8_structured_tune_lrmin_20260512_194654/kl_shampoo_bsz262144_lr0p06_s42/result.json,/outputs/logs/modal_d8_structured_tune_lrmin_20260512_194654/kl_shampoo_bsz262144_lr0p06_s42.log
2026-05-13 01:21:15 UTC,kl_shampoo,262144,6.25e-05,42,,,2.353186496027725,,/outputs/search_evals/modal_d8_structured_tune_lrmin_20260512_194654/kl_shampoo_bsz262144_lr6p25em05_s42/result.json,/outputs/logs/modal_d8_structured_tune_lrmin_20260512_194654/kl_shampoo_bsz262144_lr6p25em05_s42.log
2026-05-13 01:22:41 UTC,shampoo,262144,6.25e-05,42,,,1.743118594847304,,/outputs/search_evals/modal_d8_structured_tune_lrmin_20260512_194654/shampoo_bsz262144_lr6p25em05_s42/result.json,/outputs/logs/modal_d8_structured_tune_lrmin_20260512_194654/shampoo_bsz262144_lr6p25em05_s42.log
