depth,batch_label,batch,alpha,top_k,lr,seed,score,val_bpb_best,val_bpb_final,train_loss_final,steps_completed,tokens,chinchilla_mult,sweep,result_json
12,512K,524288,0.25,1,0.005,42,0.8172785939968141,0.8172785939968141,0.8172785939968141,2.7043877805142107,6480,3397386240,2.0,sadhika_alpha_2x_001_d12_2x_alpha,results/alpha-sweep/extracted/search_evals/sadhika_alpha_2x_001_d12_2x_alpha/top_aware_k1_a0p25_bsz524288_lr0p005_s42/result.json
12,512K,524288,0.25,1,0.0075,42,0.8178460898543108,0.8178460898543108,0.8178460898543108,2.7054007483368,6480,3397386240,2.0,sadhika_alpha_2x_001_d12_2x_alpha,results/alpha-sweep/extracted/search_evals/sadhika_alpha_2x_001_d12_2x_alpha/top_aware_k1_a0p25_bsz524288_lr0p0075_s42/result.json
12,512K,524288,0.25,1,0.01,42,0.8190344835671307,0.8190344835671307,0.8190344835671307,2.7097807063658492,6480,3397386240,2.0,sadhika_alpha_2x_001_d12_2x_alpha,results/alpha-sweep/extracted/search_evals/sadhika_alpha_2x_001_d12_2x_alpha/top_aware_k1_a0p25_bsz524288_lr0p01_s42/result.json
12,512K,524288,0.25,1,0.015,42,0.8230082588246432,0.8230082588246432,0.8230082588246432,2.72199452085177,6480,3397386240,2.0,sadhika_alpha_2x_001_d12_2x_alpha,results/alpha-sweep/extracted/search_evals/sadhika_alpha_2x_001_d12_2x_alpha/top_aware_k1_a0p25_bsz524288_lr0p015_s42/result.json
12,512K,524288,0.25,1,0.02,42,0.8281828182178093,0.8281828182178093,0.8281828182178093,2.73934095709309,6480,3397386240,2.0,sadhika_alpha_2x_001_d12_2x_alpha,results/alpha-sweep/extracted/search_evals/sadhika_alpha_2x_001_d12_2x_alpha/top_aware_k1_a0p25_bsz524288_lr0p02_s42/result.json
12,512K,524288,0.25,1,0.03,42,0.8323971560706857,0.8323971560706857,0.8323971560706857,2.752277221289095,6480,3397386240,2.0,sadhika_alpha_2x_001_d12_2x_alpha,results/alpha-sweep/extracted/search_evals/sadhika_alpha_2x_001_d12_2x_alpha/top_aware_k1_a0p25_bsz524288_lr0p03_s42/result.json
12,512K,524288,0.25,1,0.04,42,0.837809597090532,0.837809597090532,0.837809597090532,2.7697219181766144,6480,3397386240,2.0,sadhika_alpha_2x_001_d12_2x_alpha,results/alpha-sweep/extracted/search_evals/sadhika_alpha_2x_001_d12_2x_alpha/top_aware_k1_a0p25_bsz524288_lr0p04_s42/result.json
12,512K,524288,0.5,1,0.005,42,0.8164532903940449,0.8164532903940449,0.8164532903940449,2.702445867427539,6480,3397386240,2.0,sadhika_alpha_2x_001_d12_2x_alpha,results/alpha-sweep/extracted/search_evals/sadhika_alpha_2x_001_d12_2x_alpha/top_aware_k1_a0p5_bsz524288_lr0p005_s42/result.json
12,512K,524288,0.5,1,0.0075,42,0.8158586950152631,0.8158586950152631,0.8158586950152631,2.7002787624730042,6480,3397386240,2.0,sadhika_alpha_2x_001_d12_2x_alpha,results/alpha-sweep/extracted/search_evals/sadhika_alpha_2x_001_d12_2x_alpha/top_aware_k1_a0p5_bsz524288_lr0p0075_s42/result.json
12,512K,524288,0.5,1,0.01,42,0.817052957875741,0.817052957875741,0.817052957875741,2.704167983808958,6480,3397386240,2.0,sadhika_alpha_2x_001_d12_2x_alpha,results/alpha-sweep/extracted/search_evals/sadhika_alpha_2x_001_d12_2x_alpha/top_aware_k1_a0p5_bsz524288_lr0p01_s42/result.json
12,512K,524288,0.5,1,0.015,42,0.8210106473211539,0.8210106473211539,0.8210106473211539,2.7146989532419696,6480,3397386240,2.0,sadhika_alpha_2x_001_d12_2x_alpha,results/alpha-sweep/extracted/search_evals/sadhika_alpha_2x_001_d12_2x_alpha/top_aware_k1_a0p5_bsz524288_lr0p015_s42/result.json
12,512K,524288,0.5,1,0.02,42,0.8250018851044143,0.8250018851044143,0.8250018851044143,2.7285944978625047,6480,3397386240,2.0,sadhika_alpha_2x_001_d12_2x_alpha,results/alpha-sweep/extracted/search_evals/sadhika_alpha_2x_001_d12_2x_alpha/top_aware_k1_a0p5_bsz524288_lr0p02_s42/result.json
12,512K,524288,0.5,1,0.03,42,0.8298735674949836,0.8298735674949836,0.8298735674949836,2.744357754228024,6480,3397386240,2.0,sadhika_alpha_2x_001_d12_2x_alpha,results/alpha-sweep/extracted/search_evals/sadhika_alpha_2x_001_d12_2x_alpha/top_aware_k1_a0p5_bsz524288_lr0p03_s42/result.json
12,512K,524288,0.5,1,0.04,42,0.8338361116674717,0.8338361116674717,0.8338361116674717,2.757163438502204,6480,3397386240,2.0,sadhika_alpha_2x_001_d12_2x_alpha,results/alpha-sweep/extracted/search_evals/sadhika_alpha_2x_001_d12_2x_alpha/top_aware_k1_a0p5_bsz524288_lr0p04_s42/result.json
12,512K,524288,0.75,1,0.005,42,0.8159948447492055,0.8159948447492055,0.8159948447492055,2.698689789820197,6480,3397386240,2.0,sadhika_alpha_2x_001_d12_2x_alpha,results/alpha-sweep/extracted/search_evals/sadhika_alpha_2x_001_d12_2x_alpha/top_aware_k1_a0p75_bsz524288_lr0p005_s42/result.json
12,512K,524288,0.75,1,0.0075,42,0.8156934893774832,0.8156934893774832,0.8156934893774832,2.698637550153934,6480,3397386240,2.0,sadhika_alpha_2x_001_d12_2x_alpha,results/alpha-sweep/extracted/search_evals/sadhika_alpha_2x_001_d12_2x_alpha/top_aware_k1_a0p75_bsz524288_lr0p0075_s42/result.json
12,512K,524288,0.75,1,0.01,42,0.8165349512509651,0.8165349512509651,0.8165349512509651,2.7023787413589293,6480,3397386240,2.0,sadhika_alpha_2x_001_d12_2x_alpha,results/alpha-sweep/extracted/search_evals/sadhika_alpha_2x_001_d12_2x_alpha/top_aware_k1_a0p75_bsz524288_lr0p01_s42/result.json
12,512K,524288,0.75,1,0.015,42,0.8201833873358321,0.8201833873358321,0.8201833873358321,2.7142738670304434,6480,3397386240,2.0,sadhika_alpha_2x_001_d12_2x_alpha,results/alpha-sweep/extracted/search_evals/sadhika_alpha_2x_001_d12_2x_alpha/top_aware_k1_a0p75_bsz524288_lr0p015_s42/result.json
12,512K,524288,0.75,1,0.02,42,0.8231220188471496,0.8231220188471496,0.8231220188471496,2.722321073371445,6480,3397386240,2.0,sadhika_alpha_2x_001_d12_2x_alpha,results/alpha-sweep/extracted/search_evals/sadhika_alpha_2x_001_d12_2x_alpha/top_aware_k1_a0p75_bsz524288_lr0p02_s42/result.json
12,512K,524288,0.75,1,0.03,42,0.8288367572006883,0.8288367572006883,0.8288367572006883,2.7412181253579315,6480,3397386240,2.0,sadhika_alpha_2x_001_d12_2x_alpha,results/alpha-sweep/extracted/search_evals/sadhika_alpha_2x_001_d12_2x_alpha/top_aware_k1_a0p75_bsz524288_lr0p03_s42/result.json
12,512K,524288,0.75,1,0.04,42,0.83327347053705,0.83327347053705,0.83327347053705,2.7547722631462825,6480,3397386240,2.0,sadhika_alpha_2x_001_d12_2x_alpha,results/alpha-sweep/extracted/search_evals/sadhika_alpha_2x_001_d12_2x_alpha/top_aware_k1_a0p75_bsz524288_lr0p04_s42/result.json
12,512K,524288,0.85,1,0.005,42,0.8154839390685097,0.8154839390685097,0.8154839390685097,2.699033911950448,6480,3397386240,2.0,sadhika_alpha_2x_001_d12_2x_alpha,results/alpha-sweep/extracted/search_evals/sadhika_alpha_2x_001_d12_2x_alpha/top_aware_k1_a0p85_bsz524288_lr0p005_s42/result.json
12,512K,524288,0.85,1,0.0075,42,0.8150298409404539,0.8150298409404539,0.8150298409404539,2.6976222464035917,6480,3397386240,2.0,sadhika_alpha_2x_001_d12_2x_alpha,results/alpha-sweep/extracted/search_evals/sadhika_alpha_2x_001_d12_2x_alpha/top_aware_k1_a0p85_bsz524288_lr0p0075_s42/result.json
12,512K,524288,0.85,1,0.01,42,0.8165453128326329,0.8165453128326329,0.8165453128326329,2.701447635446935,6480,3397386240,2.0,sadhika_alpha_2x_001_d12_2x_alpha,results/alpha-sweep/extracted/search_evals/sadhika_alpha_2x_001_d12_2x_alpha/top_aware_k1_a0p85_bsz524288_lr0p01_s42/result.json
12,512K,524288,0.85,1,0.015,42,0.8195719091002069,0.8195719091002069,0.8195719091002069,2.7124459118813777,6480,3397386240,2.0,sadhika_alpha_2x_001_d12_2x_alpha,results/alpha-sweep/extracted/search_evals/sadhika_alpha_2x_001_d12_2x_alpha/top_aware_k1_a0p85_bsz524288_lr0p015_s42/result.json
12,512K,524288,0.85,1,0.02,42,0.8233888839190547,0.8233888839190547,0.8233888839190547,2.723860259084634,6480,3397386240,2.0,sadhika_alpha_2x_001_d12_2x_alpha,results/alpha-sweep/extracted/search_evals/sadhika_alpha_2x_001_d12_2x_alpha/top_aware_k1_a0p85_bsz524288_lr0p02_s42/result.json
12,512K,524288,0.85,1,0.03,42,0.8285961221467114,0.8285961221467114,0.8285961221467114,2.740825861648962,6480,3397386240,2.0,sadhika_alpha_2x_001_d12_2x_alpha,results/alpha-sweep/extracted/search_evals/sadhika_alpha_2x_001_d12_2x_alpha/top_aware_k1_a0p85_bsz524288_lr0p03_s42/result.json
12,512K,524288,0.85,1,0.04,42,0.8331088445681746,0.8331088445681746,0.8331088445681746,2.754945370953602,6480,3397386240,2.0,sadhika_alpha_2x_001_d12_2x_alpha,results/alpha-sweep/extracted/search_evals/sadhika_alpha_2x_001_d12_2x_alpha/top_aware_k1_a0p85_bsz524288_lr0p04_s42/result.json
12,512K,524288,1.0,1,0.005,42,0.8156974746012016,0.8156974746012016,0.8156974746012016,2.6975889619699376,6480,3397386240,2.0,sadhika_alpha_2x_001_d12_2x_alpha,results/alpha-sweep/extracted/search_evals/sadhika_alpha_2x_001_d12_2x_alpha/top_aware_k1_a1_bsz524288_lr0p005_s42/result.json
12,512K,524288,1.0,1,0.0075,42,0.8151038211843896,0.8151038211843896,0.8151038211843896,2.6968594192826485,6480,3397386240,2.0,sadhika_alpha_2x_001_d12_2x_alpha,results/alpha-sweep/extracted/search_evals/sadhika_alpha_2x_001_d12_2x_alpha/top_aware_k1_a1_bsz524288_lr0p0075_s42/result.json
12,512K,524288,1.0,1,0.01,42,0.8158152923060393,0.8158152923060393,0.8158152923060393,2.7012328668176417,6480,3397386240,2.0,sadhika_alpha_2x_001_d12_2x_alpha,results/alpha-sweep/extracted/search_evals/sadhika_alpha_2x_001_d12_2x_alpha/top_aware_k1_a1_bsz524288_lr0p01_s42/result.json
12,512K,524288,1.0,1,0.015,42,0.8191019425358909,0.8191019425358909,0.8191019425358909,2.711335569493803,6480,3397386240,2.0,sadhika_alpha_2x_001_d12_2x_alpha,results/alpha-sweep/extracted/search_evals/sadhika_alpha_2x_001_d12_2x_alpha/top_aware_k1_a1_bsz524288_lr0p015_s42/result.json
12,512K,524288,1.0,1,0.02,42,0.8233472926751575,0.8233472926751575,0.8233472926751575,2.7235748240463242,6480,3397386240,2.0,sadhika_alpha_2x_001_d12_2x_alpha,results/alpha-sweep/extracted/search_evals/sadhika_alpha_2x_001_d12_2x_alpha/top_aware_k1_a1_bsz524288_lr0p02_s42/result.json
12,512K,524288,1.0,1,0.03,42,0.8286693778045164,0.8286693778045164,0.8286693778045164,2.7408209522511844,6480,3397386240,2.0,sadhika_alpha_2x_001_d12_2x_alpha,results/alpha-sweep/extracted/search_evals/sadhika_alpha_2x_001_d12_2x_alpha/top_aware_k1_a1_bsz524288_lr0p03_s42/result.json
12,512K,524288,1.0,1,0.04,42,0.8327720569346653,0.8327720569346653,0.8327720569346653,2.753924415502006,6480,3397386240,2.0,sadhika_alpha_2x_001_d12_2x_alpha,results/alpha-sweep/extracted/search_evals/sadhika_alpha_2x_001_d12_2x_alpha/top_aware_k1_a1_bsz524288_lr0p04_s42/result.json
12,512K,524288,1.15,1,0.005,42,0.8154629985293349,0.8154629985293349,0.8154629985293349,2.6980951902344543,6480,3397386240,2.0,sadhika_alpha_2x_001_d12_2x_alpha,results/alpha-sweep/extracted/search_evals/sadhika_alpha_2x_001_d12_2x_alpha/top_aware_k1_a1p15_bsz524288_lr0p005_s42/result.json
12,512K,524288,1.15,1,0.0075,42,0.8152350437326438,0.8152350437326438,0.8152350437326438,2.696974558281942,6480,3397386240,2.0,sadhika_alpha_2x_001_d12_2x_alpha,results/alpha-sweep/extracted/search_evals/sadhika_alpha_2x_001_d12_2x_alpha/top_aware_k1_a1p15_bsz524288_lr0p0075_s42/result.json
12,512K,524288,1.15,1,0.01,42,0.8161234587873895,0.8161234587873895,0.8161234587873895,2.701295329999506,6480,3397386240,2.0,sadhika_alpha_2x_001_d12_2x_alpha,results/alpha-sweep/extracted/search_evals/sadhika_alpha_2x_001_d12_2x_alpha/top_aware_k1_a1p15_bsz524288_lr0p01_s42/result.json
12,512K,524288,1.15,1,0.015,42,0.8193425775898677,0.8193425775898677,0.8193425775898677,2.710965195107341,6480,3397386240,2.0,sadhika_alpha_2x_001_d12_2x_alpha,results/alpha-sweep/extracted/search_evals/sadhika_alpha_2x_001_d12_2x_alpha/top_aware_k1_a1p15_bsz524288_lr0p015_s42/result.json
12,512K,524288,1.15,1,0.02,42,0.8223861291728982,0.8223861291728982,0.8223861291728982,2.7219730001860336,6480,3397386240,2.0,sadhika_alpha_2x_001_d12_2x_alpha,results/alpha-sweep/extracted/search_evals/sadhika_alpha_2x_001_d12_2x_alpha/top_aware_k1_a1p15_bsz524288_lr0p02_s42/result.json
12,512K,524288,1.15,1,0.03,42,0.8286130774621677,0.8286130774621677,0.8286130774621677,2.7395736457714914,6480,3397386240,2.0,sadhika_alpha_2x_001_d12_2x_alpha,results/alpha-sweep/extracted/search_evals/sadhika_alpha_2x_001_d12_2x_alpha/top_aware_k1_a1p15_bsz524288_lr0p03_s42/result.json
12,512K,524288,1.15,1,0.04,42,0.8325830124131881,0.8325830124131881,0.8325830124131881,2.7536247093222994,6480,3397386240,2.0,sadhika_alpha_2x_001_d12_2x_alpha,results/alpha-sweep/extracted/search_evals/sadhika_alpha_2x_001_d12_2x_alpha/top_aware_k1_a1p15_bsz524288_lr0p04_s42/result.json
12,2M,2097152,0.25,1,0.005,42,0.837643087197717,0.837643087197717,0.837643087197717,2.7732870744678118,1620,3397386240,2.0,sadhika_alpha_2x_001_d12_2x_alpha,results/alpha-sweep/extracted/search_evals/sadhika_alpha_2x_001_d12_2x_alpha/top_aware_k1_a0p25_bsz2097152_lr0p005_s42/result.json
12,2M,2097152,0.25,1,0.0075,42,0.8414570187548162,0.8414570187548162,0.8414570187548162,2.7857362801739236,1620,3397386240,2.0,sadhika_alpha_2x_001_d12_2x_alpha,results/alpha-sweep/extracted/search_evals/sadhika_alpha_2x_001_d12_2x_alpha/top_aware_k1_a0p25_bsz2097152_lr0p0075_s42/result.json
12,2M,2097152,0.25,1,0.01,42,0.8384851287401034,0.8384851287401034,0.8384851287401034,2.776609292240647,1620,3397386240,2.0,sadhika_alpha_2x_001_d12_2x_alpha,results/alpha-sweep/extracted/search_evals/sadhika_alpha_2x_001_d12_2x_alpha/top_aware_k1_a0p25_bsz2097152_lr0p01_s42/result.json
12,2M,2097152,0.25,1,0.015,42,0.8479009081315915,0.8479009081315915,0.8479009081315915,2.8065261002800588,1620,3397386240,2.0,sadhika_alpha_2x_001_d12_2x_alpha,results/alpha-sweep/extracted/search_evals/sadhika_alpha_2x_001_d12_2x_alpha/top_aware_k1_a0p25_bsz2097152_lr0p015_s42/result.json
12,2M,2097152,0.25,1,0.02,42,0.848138717299659,0.848138717299659,0.848138717299659,2.807210130033568,1620,3397386240,2.0,sadhika_alpha_2x_001_d12_2x_alpha,results/alpha-sweep/extracted/search_evals/sadhika_alpha_2x_001_d12_2x_alpha/top_aware_k1_a0p25_bsz2097152_lr0p02_s42/result.json
12,2M,2097152,0.25,1,0.03,42,0.8410104563225188,0.8410104563225188,0.8410104563225188,2.784886018458784,1620,3397386240,2.0,sadhika_alpha_2x_001_d12_2x_alpha,results/alpha-sweep/extracted/search_evals/sadhika_alpha_2x_001_d12_2x_alpha/top_aware_k1_a0p25_bsz2097152_lr0p03_s42/result.json
12,2M,2097152,0.25,1,0.04,42,0.8549465662898416,0.8549465662898416,0.8549465662898416,2.8310756389547196,1620,3397386240,2.0,sadhika_alpha_2x_001_d12_2x_alpha,results/alpha-sweep/extracted/search_evals/sadhika_alpha_2x_001_d12_2x_alpha/top_aware_k1_a0p25_bsz2097152_lr0p04_s42/result.json
12,2M,2097152,0.5,1,0.005,42,0.8441119747959984,0.8441119747959984,0.8441119747959984,2.794326715635986,1620,3397386240,2.0,sadhika_alpha_2x_001_d12_2x_alpha,results/alpha-sweep/extracted/search_evals/sadhika_alpha_2x_001_d12_2x_alpha/top_aware_k1_a0p5_bsz2097152_lr0p005_s42/result.json
12,2M,2097152,0.5,1,0.0075,42,0.8369087191543398,0.8369087191543398,0.8369087191543398,2.7708285071308696,1620,3397386240,2.0,sadhika_alpha_2x_001_d12_2x_alpha,results/alpha-sweep/extracted/search_evals/sadhika_alpha_2x_001_d12_2x_alpha/top_aware_k1_a0p5_bsz2097152_lr0p0075_s42/result.json
12,2M,2097152,0.5,1,0.01,42,0.8459360479212058,0.8459360479212058,0.8459360479212058,2.7987063969005193,1620,3397386240,2.0,sadhika_alpha_2x_001_d12_2x_alpha,results/alpha-sweep/extracted/search_evals/sadhika_alpha_2x_001_d12_2x_alpha/top_aware_k1_a0p5_bsz2097152_lr0p01_s42/result.json
12,2M,2097152,0.5,1,0.015,42,0.8455962170259479,0.8455962170259479,0.8455962170259479,2.7988769741421855,1620,3397386240,2.0,sadhika_alpha_2x_001_d12_2x_alpha,results/alpha-sweep/extracted/search_evals/sadhika_alpha_2x_001_d12_2x_alpha/top_aware_k1_a0p5_bsz2097152_lr0p015_s42/result.json
12,2M,2097152,0.5,1,0.02,42,0.8339969697884679,0.8339969697884679,0.8339969697884679,2.7623112170472646,1620,3397386240,2.0,sadhika_alpha_2x_001_d12_2x_alpha,results/alpha-sweep/extracted/search_evals/sadhika_alpha_2x_001_d12_2x_alpha/top_aware_k1_a0p5_bsz2097152_lr0p02_s42/result.json
12,2M,2097152,0.5,1,0.03,42,0.8465430337228211,0.8465430337228211,0.8465430337228211,2.8020698394969017,1620,3397386240,2.0,sadhika_alpha_2x_001_d12_2x_alpha,results/alpha-sweep/extracted/search_evals/sadhika_alpha_2x_001_d12_2x_alpha/top_aware_k1_a0p5_bsz2097152_lr0p03_s42/result.json
12,2M,2097152,0.5,1,0.04,42,0.8551341616390575,0.8551341616390575,0.8551341616390575,2.832067469394544,1620,3397386240,2.0,sadhika_alpha_2x_001_d12_2x_alpha,results/alpha-sweep/extracted/search_evals/sadhika_alpha_2x_001_d12_2x_alpha/top_aware_k1_a0p5_bsz2097152_lr0p04_s42/result.json
12,2M,2097152,0.75,1,0.005,42,0.837713951721291,0.837713951721291,0.837713951721291,2.7729238948917354,1620,3397386240,2.0,sadhika_alpha_2x_001_d12_2x_alpha,results/alpha-sweep/extracted/search_evals/sadhika_alpha_2x_001_d12_2x_alpha/top_aware_k1_a0p75_bsz2097152_lr0p005_s42/result.json
12,2M,2097152,0.75,1,0.0075,42,0.846076617630545,0.846076617630545,0.846076617630545,2.7996241988035537,1620,3397386240,2.0,sadhika_alpha_2x_001_d12_2x_alpha,results/alpha-sweep/extracted/search_evals/sadhika_alpha_2x_001_d12_2x_alpha/top_aware_k1_a0p75_bsz2097152_lr0p0075_s42/result.json
12,2M,2097152,0.75,1,0.01,42,0.843960318918861,0.843960318918861,0.843960318918861,2.794099480938324,1620,3397386240,2.0,sadhika_alpha_2x_001_d12_2x_alpha,results/alpha-sweep/extracted/search_evals/sadhika_alpha_2x_001_d12_2x_alpha/top_aware_k1_a0p75_bsz2097152_lr0p01_s42/result.json
12,2M,2097152,0.75,1,0.015,42,0.8349668283242947,0.8349668283242947,0.8349668283242947,2.767270199808377,1620,3397386240,2.0,sadhika_alpha_2x_001_d12_2x_alpha,results/alpha-sweep/extracted/search_evals/sadhika_alpha_2x_001_d12_2x_alpha/top_aware_k1_a0p75_bsz2097152_lr0p015_s42/result.json
12,2M,2097152,0.75,1,0.02,42,0.8405693282862011,0.8405693282862011,0.8405693282862011,2.783269526072825,1620,3397386240,2.0,sadhika_alpha_2x_001_d12_2x_alpha,results/alpha-sweep/extracted/search_evals/sadhika_alpha_2x_001_d12_2x_alpha/top_aware_k1_a0p75_bsz2097152_lr0p02_s42/result.json
12,2M,2097152,0.75,1,0.03,42,0.8505935426515657,0.8505935426515657,0.8505935426515657,2.8159719485472263,1620,3397386240,2.0,sadhika_alpha_2x_001_d12_2x_alpha,results/alpha-sweep/extracted/search_evals/sadhika_alpha_2x_001_d12_2x_alpha/top_aware_k1_a0p75_bsz2097152_lr0p03_s42/result.json
12,2M,2097152,0.75,1,0.04,42,0.8475385426076715,0.8475385426076715,0.8475385426076715,2.806171658932039,1620,3397386240,2.0,sadhika_alpha_2x_001_d12_2x_alpha,results/alpha-sweep/extracted/search_evals/sadhika_alpha_2x_001_d12_2x_alpha/top_aware_k1_a0p75_bsz2097152_lr0p04_s42/result.json
12,2M,2097152,0.85,1,0.005,42,0.8372619548930141,0.8372619548930141,0.8372619548930141,2.7718750852249876,1620,3397386240,2.0,sadhika_alpha_2x_001_d12_2x_alpha,results/alpha-sweep/extracted/search_evals/sadhika_alpha_2x_001_d12_2x_alpha/top_aware_k1_a0p85_bsz2097152_lr0p005_s42/result.json
12,2M,2097152,0.85,1,0.0075,42,0.8456925145227066,0.8456925145227066,0.8456925145227066,2.797942637471491,1620,3397386240,2.0,sadhika_alpha_2x_001_d12_2x_alpha,results/alpha-sweep/extracted/search_evals/sadhika_alpha_2x_001_d12_2x_alpha/top_aware_k1_a0p85_bsz2097152_lr0p0075_s42/result.json
12,2M,2097152,0.85,1,0.01,42,0.843967347404328,0.843967347404328,0.843967347404328,2.793356349734609,1620,3397386240,2.0,sadhika_alpha_2x_001_d12_2x_alpha,results/alpha-sweep/extracted/search_evals/sadhika_alpha_2x_001_d12_2x_alpha/top_aware_k1_a0p85_bsz2097152_lr0p01_s42/result.json
12,2M,2097152,0.85,1,0.015,42,0.8321219582582785,0.8321219582582785,0.8321219582582785,2.7561273096980026,1620,3397386240,2.0,sadhika_alpha_2x_001_d12_2x_alpha,results/alpha-sweep/extracted/search_evals/sadhika_alpha_2x_001_d12_2x_alpha/top_aware_k1_a0p85_bsz2097152_lr0p015_s42/result.json
12,2M,2097152,0.85,1,0.02,42,0.8416963495537579,0.8416963495537579,0.8416963495537579,2.7869698627270734,1620,3397386240,2.0,sadhika_alpha_2x_001_d12_2x_alpha,results/alpha-sweep/extracted/search_evals/sadhika_alpha_2x_001_d12_2x_alpha/top_aware_k1_a0p85_bsz2097152_lr0p02_s42/result.json
12,2M,2097152,0.85,1,0.03,42,0.8506002813025804,0.8506002813025804,0.8506002813025804,2.8158802080279055,1620,3397386240,2.0,sadhika_alpha_2x_001_d12_2x_alpha,results/alpha-sweep/extracted/search_evals/sadhika_alpha_2x_001_d12_2x_alpha/top_aware_k1_a0p85_bsz2097152_lr0p03_s42/result.json
12,2M,2097152,0.85,1,0.04,42,0.8446722247921892,0.8446722247921892,0.8446722247921892,2.79777755748312,1620,3397386240,2.0,sadhika_alpha_2x_001_d12_2x_alpha,results/alpha-sweep/extracted/search_evals/sadhika_alpha_2x_001_d12_2x_alpha/top_aware_k1_a0p85_bsz2097152_lr0p04_s42/result.json
12,2M,2097152,1.0,1,0.005,42,0.8420948719255956,0.8420948719255956,0.8420948719255956,2.785830065743074,1620,3397386240,2.0,sadhika_alpha_2x_001_d12_2x_alpha,results/alpha-sweep/extracted/search_evals/sadhika_alpha_2x_001_d12_2x_alpha/top_aware_k1_a1_bsz2097152_lr0p005_s42/result.json
12,2M,2097152,1.0,1,0.0075,42,0.8441489286886598,0.8441489286886598,0.8441489286886598,2.795263594065282,1620,3397386240,2.0,sadhika_alpha_2x_001_d12_2x_alpha,results/alpha-sweep/extracted/search_evals/sadhika_alpha_2x_001_d12_2x_alpha/top_aware_k1_a1_bsz2097152_lr0p0075_s42/result.json
12,2M,2097152,1.0,1,0.01,42,0.8443715215479843,0.8443715215479843,0.8443715215479843,2.7948552491382994,1620,3397386240,2.0,sadhika_alpha_2x_001_d12_2x_alpha,results/alpha-sweep/extracted/search_evals/sadhika_alpha_2x_001_d12_2x_alpha/top_aware_k1_a1_bsz2097152_lr0p01_s42/result.json
12,2M,2097152,1.0,1,0.015,42,0.8342676027082523,0.8342676027082523,0.8342676027082523,2.7639745311524204,1620,3397386240,2.0,sadhika_alpha_2x_001_d12_2x_alpha,results/alpha-sweep/extracted/search_evals/sadhika_alpha_2x_001_d12_2x_alpha/top_aware_k1_a1_bsz2097152_lr0p015_s42/result.json
12,2M,2097152,1.0,1,0.02,42,0.8424764389819769,0.8424764389819769,0.8424764389819769,2.7895377626587745,1620,3397386240,2.0,sadhika_alpha_2x_001_d12_2x_alpha,results/alpha-sweep/extracted/search_evals/sadhika_alpha_2x_001_d12_2x_alpha/top_aware_k1_a1_bsz2097152_lr0p02_s42/result.json
12,2M,2097152,1.0,1,0.03,42,0.8460422722479538,0.8460422722479538,0.8460422722479538,2.801560961389845,1620,3397386240,2.0,sadhika_alpha_2x_001_d12_2x_alpha,results/alpha-sweep/extracted/search_evals/sadhika_alpha_2x_001_d12_2x_alpha/top_aware_k1_a1_bsz2097152_lr0p03_s42/result.json
12,2M,2097152,1.0,1,0.04,42,0.842942855074253,0.842942855074253,0.842942855074253,2.791055618630266,1620,3397386240,2.0,sadhika_alpha_2x_001_d12_2x_alpha,results/alpha-sweep/extracted/search_evals/sadhika_alpha_2x_001_d12_2x_alpha/top_aware_k1_a1_bsz2097152_lr0p04_s42/result.json
12,2M,2097152,1.15,1,0.005,42,0.8457181648717302,0.8457181648717302,0.8457181648717302,2.7990461399128046,1620,3397386240,2.0,sadhika_alpha_2x_001_d12_2x_alpha,results/alpha-sweep/extracted/search_evals/sadhika_alpha_2x_001_d12_2x_alpha/top_aware_k1_a1p15_bsz2097152_lr0p005_s42/result.json
12,2M,2097152,1.15,1,0.0075,42,0.8440458925408865,0.8440458925408865,0.8440458925408865,2.793860343008117,1620,3397386240,2.0,sadhika_alpha_2x_001_d12_2x_alpha,results/alpha-sweep/extracted/search_evals/sadhika_alpha_2x_001_d12_2x_alpha/top_aware_k1_a1p15_bsz2097152_lr0p0075_s42/result.json
12,2M,2097152,1.15,1,0.01,42,0.8394781015734967,0.8394781015734967,0.8394781015734967,2.78081993369134,1620,3397386240,2.0,sadhika_alpha_2x_001_d12_2x_alpha,results/alpha-sweep/extracted/search_evals/sadhika_alpha_2x_001_d12_2x_alpha/top_aware_k1_a1p15_bsz2097152_lr0p01_s42/result.json
12,2M,2097152,1.15,1,0.015,42,0.837693880685473,0.837693880685473,0.837693880685473,2.7734803210320376,1620,3397386240,2.0,sadhika_alpha_2x_001_d12_2x_alpha,results/alpha-sweep/extracted/search_evals/sadhika_alpha_2x_001_d12_2x_alpha/top_aware_k1_a1p15_bsz2097152_lr0p015_s42/result.json
12,2M,2097152,1.15,1,0.02,42,0.8441429146237757,0.8441429146237757,0.8441429146237757,2.7939915569040634,1620,3397386240,2.0,sadhika_alpha_2x_001_d12_2x_alpha,results/alpha-sweep/extracted/search_evals/sadhika_alpha_2x_001_d12_2x_alpha/top_aware_k1_a1p15_bsz2097152_lr0p02_s42/result.json
12,2M,2097152,1.15,1,0.03,42,0.8416823650414371,0.8416823650414371,0.8416823650414371,2.7877790845749053,1620,3397386240,2.0,sadhika_alpha_2x_001_d12_2x_alpha,results/alpha-sweep/extracted/search_evals/sadhika_alpha_2x_001_d12_2x_alpha/top_aware_k1_a1p15_bsz2097152_lr0p03_s42/result.json
12,2M,2097152,1.15,1,0.04,42,0.8424062990445335,0.8424062990445335,0.8424062990445335,2.7904918487772514,1620,3397386240,2.0,sadhika_alpha_2x_001_d12_2x_alpha,results/alpha-sweep/extracted/search_evals/sadhika_alpha_2x_001_d12_2x_alpha/top_aware_k1_a1p15_bsz2097152_lr0p04_s42/result.json
12,8M,8388608,0.25,1,0.005,42,0.9272593201631364,0.9272593201631364,0.9272593201631364,3.061737272076538,405,3397386240,2.0,sadhika_alpha_2x_001_d12_2x_alpha,results/alpha-sweep/extracted/search_evals/sadhika_alpha_2x_001_d12_2x_alpha/top_aware_k1_a0p25_bsz8388608_lr0p005_s42/result.json
12,8M,8388608,0.25,1,0.0075,42,0.9100971353664815,0.9100971353664815,0.9100971353664815,3.009002677541865,405,3397386240,2.0,sadhika_alpha_2x_001_d12_2x_alpha,results/alpha-sweep/extracted/search_evals/sadhika_alpha_2x_001_d12_2x_alpha/top_aware_k1_a0p25_bsz8388608_lr0p0075_s42/result.json
12,8M,8388608,0.25,1,0.01,42,0.9047309954003813,0.9047309954003813,0.9047309954003813,2.9916298383254527,405,3397386240,2.0,sadhika_alpha_2x_001_d12_2x_alpha,results/alpha-sweep/extracted/search_evals/sadhika_alpha_2x_001_d12_2x_alpha/top_aware_k1_a0p25_bsz8388608_lr0p01_s42/result.json
12,8M,8388608,0.25,1,0.015,42,0.8964884658715832,0.8964884658715832,0.8964884658715832,2.9648990917736744,405,3397386240,2.0,sadhika_alpha_2x_001_d12_2x_alpha,results/alpha-sweep/extracted/search_evals/sadhika_alpha_2x_001_d12_2x_alpha/top_aware_k1_a0p25_bsz8388608_lr0p015_s42/result.json
12,8M,8388608,0.25,1,0.02,42,0.8908634312810145,0.8908634312810145,0.8908634312810145,2.94732125753134,405,3397386240,2.0,sadhika_alpha_2x_001_d12_2x_alpha,results/alpha-sweep/extracted/search_evals/sadhika_alpha_2x_001_d12_2x_alpha/top_aware_k1_a0p25_bsz8388608_lr0p02_s42/result.json
12,8M,8388608,0.25,1,0.03,42,0.8991507402326846,0.8991507402326846,0.8991507402326846,2.9775168103163714,405,3397386240,2.0,sadhika_alpha_2x_001_d12_2x_alpha,results/alpha-sweep/extracted/search_evals/sadhika_alpha_2x_001_d12_2x_alpha/top_aware_k1_a0p25_bsz8388608_lr0p03_s42/result.json
12,8M,8388608,0.25,1,0.04,42,0.8974602807899624,0.8974602807899624,0.8974602807899624,2.9728664765816695,405,3397386240,2.0,sadhika_alpha_2x_001_d12_2x_alpha,results/alpha-sweep/extracted/search_evals/sadhika_alpha_2x_001_d12_2x_alpha/top_aware_k1_a0p25_bsz8388608_lr0p04_s42/result.json
12,8M,8388608,0.5,1,0.005,42,0.9010282153557182,0.9010282153557182,0.9010282153557182,2.977314155366458,405,3397386240,2.0,sadhika_alpha_2x_001_d12_2x_alpha,results/alpha-sweep/extracted/search_evals/sadhika_alpha_2x_001_d12_2x_alpha/top_aware_k1_a0p5_bsz8388608_lr0p005_s42/result.json
12,8M,8388608,0.5,1,0.0075,42,0.8926673609117909,0.8926673609117909,0.8926673609117909,2.9511604708802723,405,3397386240,2.0,sadhika_alpha_2x_001_d12_2x_alpha,results/alpha-sweep/extracted/search_evals/sadhika_alpha_2x_001_d12_2x_alpha/top_aware_k1_a0p5_bsz8388608_lr0p0075_s42/result.json
12,8M,8388608,0.5,1,0.01,42,0.8890360250596064,0.8890360250596064,0.8890360250596064,2.9388054540861503,405,3397386240,2.0,sadhika_alpha_2x_001_d12_2x_alpha,results/alpha-sweep/extracted/search_evals/sadhika_alpha_2x_001_d12_2x_alpha/top_aware_k1_a0p5_bsz8388608_lr0p01_s42/result.json
12,8M,8388608,0.5,1,0.015,42,0.8875428704202504,0.8875428704202504,0.8875428704202504,2.9347677369034115,405,3397386240,2.0,sadhika_alpha_2x_001_d12_2x_alpha,results/alpha-sweep/extracted/search_evals/sadhika_alpha_2x_001_d12_2x_alpha/top_aware_k1_a0p5_bsz8388608_lr0p015_s42/result.json
12,8M,8388608,0.5,1,0.02,42,0.90101618722595,0.90101618722595,0.90101618722595,2.9791178660118818,405,3397386240,2.0,sadhika_alpha_2x_001_d12_2x_alpha,results/alpha-sweep/extracted/search_evals/sadhika_alpha_2x_001_d12_2x_alpha/top_aware_k1_a0p5_bsz8388608_lr0p02_s42/result.json
12,8M,8388608,0.5,1,0.03,42,0.9003394237799567,0.9003394237799567,0.9003394237799567,2.979718628941569,405,3397386240,2.0,sadhika_alpha_2x_001_d12_2x_alpha,results/alpha-sweep/extracted/search_evals/sadhika_alpha_2x_001_d12_2x_alpha/top_aware_k1_a0p5_bsz8388608_lr0p03_s42/result.json
12,8M,8388608,0.5,1,0.04,42,0.9001729863457547,0.9001729863457547,0.9001729863457547,2.9814885107968223,405,3397386240,2.0,sadhika_alpha_2x_001_d12_2x_alpha,results/alpha-sweep/extracted/search_evals/sadhika_alpha_2x_001_d12_2x_alpha/top_aware_k1_a0p5_bsz8388608_lr0p04_s42/result.json
12,8M,8388608,0.75,1,0.005,42,0.903768745018926,0.903768745018926,0.903768745018926,2.987061177058475,405,3397386240,2.0,sadhika_alpha_2x_001_d12_2x_alpha,results/alpha-sweep/extracted/search_evals/sadhika_alpha_2x_001_d12_2x_alpha/top_aware_k1_a0p75_bsz8388608_lr0p005_s42/result.json
12,8M,8388608,0.75,1,0.0075,42,0.8939166198595823,0.8939166198595823,0.8939166198595823,2.953935277825302,405,3397386240,2.0,sadhika_alpha_2x_001_d12_2x_alpha,results/alpha-sweep/extracted/search_evals/sadhika_alpha_2x_001_d12_2x_alpha/top_aware_k1_a0p75_bsz8388608_lr0p0075_s42/result.json
12,8M,8388608,0.75,1,0.01,42,0.8891987671045423,0.8891987671045423,0.8891987671045423,2.9405714310898676,405,3397386240,2.0,sadhika_alpha_2x_001_d12_2x_alpha,results/alpha-sweep/extracted/search_evals/sadhika_alpha_2x_001_d12_2x_alpha/top_aware_k1_a0p75_bsz8388608_lr0p01_s42/result.json
12,8M,8388608,0.75,1,0.015,42,0.907067785671611,0.907067785671611,0.907067785671611,2.99889106277458,405,3397386240,2.0,sadhika_alpha_2x_001_d12_2x_alpha,results/alpha-sweep/extracted/search_evals/sadhika_alpha_2x_001_d12_2x_alpha/top_aware_k1_a0p75_bsz8388608_lr0p015_s42/result.json
12,8M,8388608,0.75,1,0.02,42,0.9043529063574269,0.9043529063574269,0.9043529063574269,2.990385903856992,405,3397386240,2.0,sadhika_alpha_2x_001_d12_2x_alpha,results/alpha-sweep/extracted/search_evals/sadhika_alpha_2x_001_d12_2x_alpha/top_aware_k1_a0p75_bsz8388608_lr0p02_s42/result.json
12,8M,8388608,0.75,1,0.03,42,0.9013892041659901,0.9013892041659901,0.9013892041659901,2.9829581251621904,405,3397386240,2.0,sadhika_alpha_2x_001_d12_2x_alpha,results/alpha-sweep/extracted/search_evals/sadhika_alpha_2x_001_d12_2x_alpha/top_aware_k1_a0p75_bsz8388608_lr0p03_s42/result.json
12,8M,8388608,0.75,1,0.04,42,0.900677370751275,0.900677370751275,0.900677370751275,2.9833650527007975,405,3397386240,2.0,sadhika_alpha_2x_001_d12_2x_alpha,results/alpha-sweep/extracted/search_evals/sadhika_alpha_2x_001_d12_2x_alpha/top_aware_k1_a0p75_bsz8388608_lr0p04_s42/result.json
12,8M,8388608,0.85,1,0.005,42,0.9037531664171178,0.9037531664171178,0.9037531664171178,2.9850810655904034,405,3397386240,2.0,sadhika_alpha_2x_001_d12_2x_alpha,results/alpha-sweep/extracted/search_evals/sadhika_alpha_2x_001_d12_2x_alpha/top_aware_k1_a0p85_bsz8388608_lr0p005_s42/result.json
12,8M,8388608,0.85,1,0.0075,42,0.8937006931926593,0.8937006931926593,0.8937006931926593,2.9542245071699176,405,3397386240,2.0,sadhika_alpha_2x_001_d12_2x_alpha,results/alpha-sweep/extracted/search_evals/sadhika_alpha_2x_001_d12_2x_alpha/top_aware_k1_a0p85_bsz8388608_lr0p0075_s42/result.json
12,8M,8388608,0.85,1,0.01,42,0.8896348230379457,0.8896348230379457,0.8896348230379457,2.9422600385939943,405,3397386240,2.0,sadhika_alpha_2x_001_d12_2x_alpha,results/alpha-sweep/extracted/search_evals/sadhika_alpha_2x_001_d12_2x_alpha/top_aware_k1_a0p85_bsz8388608_lr0p01_s42/result.json
12,8M,8388608,0.85,1,0.015,42,0.9055270257234737,0.9055270257234737,0.9055270257234737,2.9942912168936706,405,3397386240,2.0,sadhika_alpha_2x_001_d12_2x_alpha,results/alpha-sweep/extracted/search_evals/sadhika_alpha_2x_001_d12_2x_alpha/top_aware_k1_a0p85_bsz8388608_lr0p015_s42/result.json
12,8M,8388608,0.85,1,0.02,42,0.9049421397988422,0.9049421397988422,0.9049421397988422,2.993705216413856,405,3397386240,2.0,sadhika_alpha_2x_001_d12_2x_alpha,results/alpha-sweep/extracted/search_evals/sadhika_alpha_2x_001_d12_2x_alpha/top_aware_k1_a0p85_bsz8388608_lr0p02_s42/result.json
12,8M,8388608,0.85,1,0.03,42,0.9018367085602572,0.9018367085602572,0.9018367085602572,2.9837389527945133,405,3397386240,2.0,sadhika_alpha_2x_001_d12_2x_alpha,results/alpha-sweep/extracted/search_evals/sadhika_alpha_2x_001_d12_2x_alpha/top_aware_k1_a0p85_bsz8388608_lr0p03_s42/result.json
12,8M,8388608,0.85,1,0.04,42,0.9015727418328746,0.9015727418328746,0.9015727418328746,2.985818900691056,405,3397386240,2.0,sadhika_alpha_2x_001_d12_2x_alpha,results/alpha-sweep/extracted/search_evals/sadhika_alpha_2x_001_d12_2x_alpha/top_aware_k1_a0p85_bsz8388608_lr0p04_s42/result.json
12,8M,8388608,1.0,1,0.005,42,0.9047497621811642,0.9047497621811642,0.9047497621811642,2.9890761129470005,405,3397386240,2.0,sadhika_alpha_2x_001_d12_2x_alpha,results/alpha-sweep/extracted/search_evals/sadhika_alpha_2x_001_d12_2x_alpha/top_aware_k1_a1_bsz8388608_lr0p005_s42/result.json
12,8M,8388608,1.0,1,0.0075,42,0.8947053318627555,0.8947053318627555,0.8947053318627555,2.9569766895040144,405,3397386240,2.0,sadhika_alpha_2x_001_d12_2x_alpha,results/alpha-sweep/extracted/search_evals/sadhika_alpha_2x_001_d12_2x_alpha/top_aware_k1_a1_bsz8388608_lr0p0075_s42/result.json
12,8M,8388608,1.0,1,0.01,42,0.8903096301013864,0.8903096301013864,0.8903096301013864,2.943716954190604,405,3397386240,2.0,sadhika_alpha_2x_001_d12_2x_alpha,results/alpha-sweep/extracted/search_evals/sadhika_alpha_2x_001_d12_2x_alpha/top_aware_k1_a1_bsz8388608_lr0p01_s42/result.json
12,8M,8388608,1.0,1,0.015,42,0.9096241979990298,0.9096241979990298,0.9096241979990298,3.007245915029774,405,3397386240,2.0,sadhika_alpha_2x_001_d12_2x_alpha,results/alpha-sweep/extracted/search_evals/sadhika_alpha_2x_001_d12_2x_alpha/top_aware_k1_a1_bsz8388608_lr0p015_s42/result.json
12,8M,8388608,1.0,1,0.02,42,0.9064620316664178,0.9064620316664178,0.9064620316664178,2.9979578766377317,405,3397386240,2.0,sadhika_alpha_2x_001_d12_2x_alpha,results/alpha-sweep/extracted/search_evals/sadhika_alpha_2x_001_d12_2x_alpha/top_aware_k1_a1_bsz8388608_lr0p02_s42/result.json
12,8M,8388608,1.0,1,0.03,42,0.9016933854236218,0.9016933854236218,0.9016933854236218,2.9852114813710102,405,3397386240,2.0,sadhika_alpha_2x_001_d12_2x_alpha,results/alpha-sweep/extracted/search_evals/sadhika_alpha_2x_001_d12_2x_alpha/top_aware_k1_a1_bsz8388608_lr0p03_s42/result.json
12,8M,8388608,1.0,1,0.04,42,0.8995070916917205,0.8995070916917205,0.8995070916917205,2.9794673496672774,405,3397386240,2.0,sadhika_alpha_2x_001_d12_2x_alpha,results/alpha-sweep/extracted/search_evals/sadhika_alpha_2x_001_d12_2x_alpha/top_aware_k1_a1_bsz8388608_lr0p04_s42/result.json
12,8M,8388608,1.15,1,0.005,42,0.9044005116662083,0.9044005116662083,0.9044005116662083,2.9885051055015963,405,3397386240,2.0,sadhika_alpha_2x_001_d12_2x_alpha,results/alpha-sweep/extracted/search_evals/sadhika_alpha_2x_001_d12_2x_alpha/top_aware_k1_a1p15_bsz8388608_lr0p005_s42/result.json
12,8M,8388608,1.15,1,0.0075,42,0.8954528149150968,0.8954528149150968,0.8954528149150968,2.959491840610294,405,3397386240,2.0,sadhika_alpha_2x_001_d12_2x_alpha,results/alpha-sweep/extracted/search_evals/sadhika_alpha_2x_001_d12_2x_alpha/top_aware_k1_a1p15_bsz8388608_lr0p0075_s42/result.json
12,8M,8388608,1.15,1,0.01,42,0.8902573149827561,0.8902573149827561,0.8902573149827561,2.943957419081515,405,3397386240,2.0,sadhika_alpha_2x_001_d12_2x_alpha,results/alpha-sweep/extracted/search_evals/sadhika_alpha_2x_001_d12_2x_alpha/top_aware_k1_a1p15_bsz8388608_lr0p01_s42/result.json
12,8M,8388608,1.15,1,0.015,42,0.911679486558516,0.911679486558516,0.911679486558516,3.014096624133364,405,3397386240,2.0,sadhika_alpha_2x_001_d12_2x_alpha,results/alpha-sweep/extracted/search_evals/sadhika_alpha_2x_001_d12_2x_alpha/top_aware_k1_a1p15_bsz8388608_lr0p015_s42/result.json
12,8M,8388608,1.15,1,0.02,42,0.9068964935103339,0.9068964935103339,0.9068964935103339,2.999378426865987,405,3397386240,2.0,sadhika_alpha_2x_001_d12_2x_alpha,results/alpha-sweep/extracted/search_evals/sadhika_alpha_2x_001_d12_2x_alpha/top_aware_k1_a1p15_bsz8388608_lr0p02_s42/result.json
12,8M,8388608,1.15,1,0.03,42,0.9016493305868805,0.9016493305868805,0.9016493305868805,2.9839710572932225,405,3397386240,2.0,sadhika_alpha_2x_001_d12_2x_alpha,results/alpha-sweep/extracted/search_evals/sadhika_alpha_2x_001_d12_2x_alpha/top_aware_k1_a1p15_bsz8388608_lr0p03_s42/result.json
12,8M,8388608,1.15,1,0.04,42,0.8937163442530806,0.8937163442530806,0.8937163442530806,2.9608937340566333,405,3397386240,2.0,sadhika_alpha_2x_001_d12_2x_alpha,results/alpha-sweep/extracted/search_evals/sadhika_alpha_2x_001_d12_2x_alpha/top_aware_k1_a1p15_bsz8388608_lr0p04_s42/result.json
16,512K,524288,0.25,1,0.005,42,0.751450306323609,0.751450306323609,0.751450306323609,2.5021231153169805,15360,8053063680,2.0,sadhika_alpha_2x_001_d16_2x_alpha,results/alpha-sweep/extracted/search_evals/sadhika_alpha_2x_001_d16_2x_alpha/top_aware_k1_a0p25_bsz524288_lr0p005_s42/result.json
16,512K,524288,0.25,1,0.0075,42,0.7548440503835652,0.7548440503835652,0.7548440503835652,2.5116544303907733,15360,8053063680,2.0,sadhika_alpha_2x_001_d16_2x_alpha,results/alpha-sweep/extracted/search_evals/sadhika_alpha_2x_001_d16_2x_alpha/top_aware_k1_a0p25_bsz524288_lr0p0075_s42/result.json
16,512K,524288,0.25,1,0.01,42,0.7578179692394437,0.7578179692394437,0.7578179692394437,2.520778455616213,15360,8053063680,2.0,sadhika_alpha_2x_001_d16_2x_alpha,results/alpha-sweep/extracted/search_evals/sadhika_alpha_2x_001_d16_2x_alpha/top_aware_k1_a0p25_bsz524288_lr0p01_s42/result.json
16,512K,524288,0.25,1,0.015,42,0.763422642959742,0.763422642959742,0.763422642959742,2.5388205876595924,15360,8053063680,2.0,sadhika_alpha_2x_001_d16_2x_alpha,results/alpha-sweep/extracted/search_evals/sadhika_alpha_2x_001_d16_2x_alpha/top_aware_k1_a0p25_bsz524288_lr0p015_s42/result.json
16,512K,524288,0.25,1,0.02,42,0.7718251611061797,0.7718251611061797,0.7718251611061797,2.564173033877309,15360,8053063680,2.0,sadhika_alpha_2x_001_d16_2x_alpha,results/alpha-sweep/extracted/search_evals/sadhika_alpha_2x_001_d16_2x_alpha/top_aware_k1_a0p25_bsz524288_lr0p02_s42/result.json
16,512K,524288,0.25,1,0.03,42,0.7802866605636493,0.7802866605636493,0.7802866605636493,2.5903966531268097,15360,8053063680,2.0,sadhika_alpha_2x_001_d16_2x_alpha,results/alpha-sweep/extracted/search_evals/sadhika_alpha_2x_001_d16_2x_alpha/top_aware_k1_a0p25_bsz524288_lr0p03_s42/result.json
16,512K,524288,0.25,1,0.04,42,0.7846437418842567,0.7846437418842567,0.7846437418842567,2.605655478831149,15360,8053063680,2.0,sadhika_alpha_2x_001_d16_2x_alpha,results/alpha-sweep/extracted/search_evals/sadhika_alpha_2x_001_d16_2x_alpha/top_aware_k1_a0p25_bsz524288_lr0p04_s42/result.json
16,512K,524288,0.5,1,0.005,42,0.7505771075776062,0.7505771075776062,0.7505771075776062,2.497988847680232,15360,8053063680,2.0,sadhika_alpha_2x_001_d16_2x_alpha,results/alpha-sweep/extracted/search_evals/sadhika_alpha_2x_001_d16_2x_alpha/top_aware_k1_a0p5_bsz524288_lr0p005_s42/result.json
16,512K,524288,0.5,1,0.0075,42,0.7526618143339954,0.7526618143339954,0.7526618143339954,2.5060553315627976,15360,8053063680,2.0,sadhika_alpha_2x_001_d16_2x_alpha,results/alpha-sweep/extracted/search_evals/sadhika_alpha_2x_001_d16_2x_alpha/top_aware_k1_a0p5_bsz524288_lr0p0075_s42/result.json
16,512K,524288,0.5,1,0.01,42,0.7558381100961543,0.7558381100961543,0.7558381100961543,2.5139868811603314,15360,8053063680,2.0,sadhika_alpha_2x_001_d16_2x_alpha,results/alpha-sweep/extracted/search_evals/sadhika_alpha_2x_001_d16_2x_alpha/top_aware_k1_a0p5_bsz524288_lr0p01_s42/result.json
16,512K,524288,0.5,1,0.015,42,0.7618580441279075,0.7618580441279075,0.7618580441279075,2.53417239483482,15360,8053063680,2.0,sadhika_alpha_2x_001_d16_2x_alpha,results/alpha-sweep/extracted/search_evals/sadhika_alpha_2x_001_d16_2x_alpha/top_aware_k1_a0p5_bsz524288_lr0p015_s42/result.json
16,512K,524288,0.5,1,0.02,42,0.767939857815215,0.767939857815215,0.767939857815215,2.5518956353417033,15360,8053063680,2.0,sadhika_alpha_2x_001_d16_2x_alpha,results/alpha-sweep/extracted/search_evals/sadhika_alpha_2x_001_d16_2x_alpha/top_aware_k1_a0p5_bsz524288_lr0p02_s42/result.json
16,512K,524288,0.5,1,0.03,42,0.775409181484035,0.775409181484035,0.775409181484035,2.576330081989769,15360,8053063680,2.0,sadhika_alpha_2x_001_d16_2x_alpha,results/alpha-sweep/extracted/search_evals/sadhika_alpha_2x_001_d16_2x_alpha/top_aware_k1_a0p5_bsz524288_lr0p03_s42/result.json
16,512K,524288,0.5,1,0.04,42,0.7808510407007845,0.7808510407007845,0.7808510407007845,2.5930036167298485,15360,8053063680,2.0,sadhika_alpha_2x_001_d16_2x_alpha,results/alpha-sweep/extracted/search_evals/sadhika_alpha_2x_001_d16_2x_alpha/top_aware_k1_a0p5_bsz524288_lr0p04_s42/result.json
16,512K,524288,0.75,1,0.005,42,0.7498195527780493,0.7498195527780493,0.7498195527780493,2.4965416133025133,15360,8053063680,2.0,sadhika_alpha_2x_001_d16_2x_alpha,results/alpha-sweep/extracted/search_evals/sadhika_alpha_2x_001_d16_2x_alpha/top_aware_k1_a0p75_bsz524288_lr0p005_s42/result.json
16,512K,524288,0.75,1,0.0075,42,0.7520946083109509,0.7520946083109509,0.7520946083109509,2.503056464947632,15360,8053063680,2.0,sadhika_alpha_2x_001_d16_2x_alpha,results/alpha-sweep/extracted/search_evals/sadhika_alpha_2x_001_d16_2x_alpha/top_aware_k1_a0p75_bsz524288_lr0p0075_s42/result.json
16,512K,524288,0.75,1,0.01,42,0.7553663320665117,0.7553663320665117,0.7553663320665117,2.513366598916653,15360,8053063680,2.0,sadhika_alpha_2x_001_d16_2x_alpha,results/alpha-sweep/extracted/search_evals/sadhika_alpha_2x_001_d16_2x_alpha/top_aware_k1_a0p75_bsz524288_lr0p01_s42/result.json
16,512K,524288,0.75,1,0.015,42,0.7609189080440188,0.7609189080440188,0.7609189080440188,2.5299918646133275,15360,8053063680,2.0,sadhika_alpha_2x_001_d16_2x_alpha,results/alpha-sweep/extracted/search_evals/sadhika_alpha_2x_001_d16_2x_alpha/top_aware_k1_a0p75_bsz524288_lr0p015_s42/result.json
16,512K,524288,0.75,1,0.02,42,0.7654175734945481,0.7654175734945481,0.7654175734945481,2.544994972637559,15360,8053063680,2.0,sadhika_alpha_2x_001_d16_2x_alpha,results/alpha-sweep/extracted/search_evals/sadhika_alpha_2x_001_d16_2x_alpha/top_aware_k1_a0p75_bsz524288_lr0p02_s42/result.json
16,512K,524288,0.75,1,0.03,42,0.774549749874514,0.774549749874514,0.774549749874514,2.5724575158483294,15360,8053063680,2.0,sadhika_alpha_2x_001_d16_2x_alpha,results/alpha-sweep/extracted/search_evals/sadhika_alpha_2x_001_d16_2x_alpha/top_aware_k1_a0p75_bsz524288_lr0p03_s42/result.json
16,512K,524288,0.75,1,0.04,42,0.778502874427304,0.778502874427304,0.778502874427304,2.587283526457133,15360,8053063680,2.0,sadhika_alpha_2x_001_d16_2x_alpha,results/alpha-sweep/extracted/search_evals/sadhika_alpha_2x_001_d16_2x_alpha/top_aware_k1_a0p75_bsz524288_lr0p04_s42/result.json
16,512K,524288,0.85,1,0.005,42,0.7492862573859176,0.7492862573859176,0.7492862573859176,2.495160803405148,15360,8053063680,2.0,sadhika_alpha_2x_001_d16_2x_alpha,results/alpha-sweep/extracted/search_evals/sadhika_alpha_2x_001_d16_2x_alpha/top_aware_k1_a0p85_bsz524288_lr0p005_s42/result.json
16,512K,524288,0.85,1,0.0075,42,0.7522688712753635,0.7522688712753635,0.7522688712753635,2.501277951778316,15360,8053063680,2.0,sadhika_alpha_2x_001_d16_2x_alpha,results/alpha-sweep/extracted/search_evals/sadhika_alpha_2x_001_d16_2x_alpha/top_aware_k1_a0p85_bsz524288_lr0p0075_s42/result.json
16,512K,524288,0.85,1,0.01,42,0.7548042706049944,0.7548042706049944,0.7548042706049944,2.503723992846811,15360,8053063680,2.0,sadhika_alpha_2x_001_d16_2x_alpha,results/alpha-sweep/extracted/search_evals/sadhika_alpha_2x_001_d16_2x_alpha/top_aware_k1_a0p85_bsz524288_lr0p01_s42/result.json
16,512K,524288,0.85,1,0.015,42,0.760469374808586,0.760469374808586,0.760469374808586,2.5207875183418538,15360,8053063680,2.0,sadhika_alpha_2x_001_d16_2x_alpha,results/alpha-sweep/extracted/search_evals/sadhika_alpha_2x_001_d16_2x_alpha/top_aware_k1_a0p85_bsz524288_lr0p015_s42/result.json
16,512K,524288,0.85,1,0.02,42,0.764685596585402,0.764685596585402,0.764685596585402,2.543043957244764,15360,8053063680,2.0,sadhika_alpha_2x_001_d16_2x_alpha,results/alpha-sweep/extracted/search_evals/sadhika_alpha_2x_001_d16_2x_alpha/top_aware_k1_a0p85_bsz524288_lr0p02_s42/result.json
16,512K,524288,0.85,1,0.03,42,0.7771808670319991,0.7771808670319991,0.7771808670319991,2.512026949698755,15360,8053063680,2.0,sadhika_alpha_2x_001_d16_2x_alpha,results/alpha-sweep/extracted/search_evals/sadhika_alpha_2x_001_d16_2x_alpha/top_aware_k1_a0p85_bsz524288_lr0p03_s42/result.json
16,512K,524288,0.85,1,0.04,42,0.7797283669500114,0.7797283669500114,0.7797283669500114,2.5899404404369943,15360,8053063680,2.0,sadhika_alpha_2x_001_d16_2x_alpha,results/alpha-sweep/extracted/search_evals/sadhika_alpha_2x_001_d16_2x_alpha/top_aware_k1_a0p85_bsz524288_lr0p04_s42/result.json
16,512K,524288,1.0,1,0.005,42,0.751602614328264,0.751602614328264,0.751602614328264,2.418787134854983,15360,8053063680,2.0,sadhika_alpha_2x_001_d16_2x_alpha,results/alpha-sweep/extracted/search_evals/sadhika_alpha_2x_001_d16_2x_alpha/top_aware_k1_a1_bsz524288_lr0p005_s42/result.json
16,512K,524288,1.0,1,0.0075,42,0.7553429279344929,0.7553429279344929,0.7553429279344929,2.4411193035362055,15360,8053063680,2.0,sadhika_alpha_2x_001_d16_2x_alpha,results/alpha-sweep/extracted/search_evals/sadhika_alpha_2x_001_d16_2x_alpha/top_aware_k1_a1_bsz524288_lr0p0075_s42/result.json
16,512K,524288,1.0,1,0.01,42,0.7592791696304396,0.7592791696304396,0.7592791696304396,2.4524443293784306,15360,8053063680,2.0,sadhika_alpha_2x_001_d16_2x_alpha,results/alpha-sweep/extracted/search_evals/sadhika_alpha_2x_001_d16_2x_alpha/top_aware_k1_a1_bsz524288_lr0p01_s42/result.json
16,512K,524288,1.0,1,0.015,42,0.7641998340434385,0.7641998340434385,0.7641998340434385,2.4700987461831754,15360,8053063680,2.0,sadhika_alpha_2x_001_d16_2x_alpha,results/alpha-sweep/extracted/search_evals/sadhika_alpha_2x_001_d16_2x_alpha/top_aware_k1_a1_bsz524288_lr0p015_s42/result.json
16,512K,524288,1.0,1,0.02,42,0.7686497348473774,0.7686497348473774,0.7686497348473774,2.483488412861658,15360,8053063680,2.0,sadhika_alpha_2x_001_d16_2x_alpha,results/alpha-sweep/extracted/search_evals/sadhika_alpha_2x_001_d16_2x_alpha/top_aware_k1_a1_bsz524288_lr0p02_s42/result.json
16,512K,524288,1.0,1,0.03,42,0.7757356075358767,0.7757356075358767,0.7757356075358767,2.5041311140999847,15360,8053063680,2.0,sadhika_alpha_2x_001_d16_2x_alpha,results/alpha-sweep/extracted/search_evals/sadhika_alpha_2x_001_d16_2x_alpha/top_aware_k1_a1_bsz524288_lr0p03_s42/result.json
16,512K,524288,1.0,1,0.04,42,0.7816604034086801,0.7816604034086801,0.7816604034086801,2.5910679846749436,15360,8053063680,2.0,sadhika_alpha_2x_001_d16_2x_alpha,results/alpha-sweep/extracted/search_evals/sadhika_alpha_2x_001_d16_2x_alpha/top_aware_k1_a1_bsz524288_lr0p04_s42/result.json
16,512K,524288,1.15,1,0.005,42,0.7545405212534511,0.7545405212534511,0.7545405212534511,2.438368604427919,15360,8053063680,2.0,sadhika_alpha_2x_001_d16_2x_alpha,results/alpha-sweep/extracted/search_evals/sadhika_alpha_2x_001_d16_2x_alpha/top_aware_k1_a1p15_bsz524288_lr0p005_s42/result.json
16,512K,524288,1.15,1,0.0075,42,0.751301548790994,0.751301548790994,0.751301548790994,2.500942847136074,15360,8053063680,2.0,sadhika_alpha_2x_001_d16_2x_alpha,results/alpha-sweep/extracted/search_evals/sadhika_alpha_2x_001_d16_2x_alpha/top_aware_k1_a1p15_bsz524288_lr0p0075_s42/result.json
16,512K,524288,1.15,1,0.01,42,0.7598585487004785,0.7598585487004785,0.7598585487004785,2.4534227986670842,15360,8053063680,2.0,sadhika_alpha_2x_001_d16_2x_alpha,results/alpha-sweep/extracted/search_evals/sadhika_alpha_2x_001_d16_2x_alpha/top_aware_k1_a1p15_bsz524288_lr0p01_s42/result.json
16,512K,524288,1.15,1,0.015,42,0.7648184132231435,0.7648184132231435,0.7648184132231435,2.490893511695547,15360,8053063680,2.0,sadhika_alpha_2x_001_d16_2x_alpha,results/alpha-sweep/extracted/search_evals/sadhika_alpha_2x_001_d16_2x_alpha/top_aware_k1_a1p15_bsz524288_lr0p015_s42/result.json
16,512K,524288,1.15,1,0.02,42,0.7693242520763659,0.7693242520763659,0.7693242520763659,2.5040609207571256,15360,8053063680,2.0,sadhika_alpha_2x_001_d16_2x_alpha,results/alpha-sweep/extracted/search_evals/sadhika_alpha_2x_001_d16_2x_alpha/top_aware_k1_a1p15_bsz524288_lr0p02_s42/result.json
16,512K,524288,1.15,1,0.03,42,0.7718358125222997,0.7718358125222997,0.7718358125222997,2.5633840072253538,15360,8053063680,2.0,sadhika_alpha_2x_001_d16_2x_alpha,results/alpha-sweep/extracted/search_evals/sadhika_alpha_2x_001_d16_2x_alpha/top_aware_k1_a1p15_bsz524288_lr0p03_s42/result.json
16,512K,524288,1.15,1,0.04,42,0.7808177821973893,0.7808177821973893,0.7808177821973893,2.5901514617194805,15360,8053063680,2.0,sadhika_alpha_2x_001_d16_2x_alpha,results/alpha-sweep/extracted/search_evals/sadhika_alpha_2x_001_d16_2x_alpha/top_aware_k1_a1p15_bsz524288_lr0p04_s42/result.json
16,2M,2097152,0.25,1,0.005,42,0.7583156149939493,0.7583156149939493,0.7583156149939493,2.5295746892532707,3840,8053063680,2.0,sadhika_alpha_2x_001_d16_2x_alpha,results/alpha-sweep/extracted/search_evals/sadhika_alpha_2x_001_d16_2x_alpha/top_aware_k1_a0p25_bsz2097152_lr0p005_s42/result.json
16,2M,2097152,0.25,1,0.0075,42,0.7639300706270109,0.7639300706270109,0.7639300706270109,2.5474423165806774,3840,8053063680,2.0,sadhika_alpha_2x_001_d16_2x_alpha,results/alpha-sweep/extracted/search_evals/sadhika_alpha_2x_001_d16_2x_alpha/top_aware_k1_a0p25_bsz2097152_lr0p0075_s42/result.json
16,2M,2097152,0.25,1,0.01,42,0.7591381651694222,0.7591381651694222,0.7591381651694222,2.5312031500837584,3840,8053063680,2.0,sadhika_alpha_2x_001_d16_2x_alpha,results/alpha-sweep/extracted/search_evals/sadhika_alpha_2x_001_d16_2x_alpha/top_aware_k1_a0p25_bsz2097152_lr0p01_s42/result.json
16,2M,2097152,0.25,1,0.015,42,0.7653049003512377,0.7653049003512377,0.7653049003512377,2.5517868321664476,3840,8053063680,2.0,sadhika_alpha_2x_001_d16_2x_alpha,results/alpha-sweep/extracted/search_evals/sadhika_alpha_2x_001_d16_2x_alpha/top_aware_k1_a0p25_bsz2097152_lr0p015_s42/result.json
16,2M,2097152,0.25,1,0.02,42,0.7643790241935393,0.7643790241935393,0.7643790241935393,2.5481505679540914,3840,8053063680,2.0,sadhika_alpha_2x_001_d16_2x_alpha,results/alpha-sweep/extracted/search_evals/sadhika_alpha_2x_001_d16_2x_alpha/top_aware_k1_a0p25_bsz2097152_lr0p02_s42/result.json
16,2M,2097152,0.25,1,0.03,42,0.7817517737197506,0.7817517737197506,0.7817517737197506,2.6045037955934713,3840,8053063680,2.0,sadhika_alpha_2x_001_d16_2x_alpha,results/alpha-sweep/extracted/search_evals/sadhika_alpha_2x_001_d16_2x_alpha/top_aware_k1_a0p25_bsz2097152_lr0p03_s42/result.json
16,2M,2097152,0.25,1,0.04,42,0.7859706040066368,0.7859706040066368,0.7859706040066368,2.6183048103413564,3840,8053063680,2.0,sadhika_alpha_2x_001_d16_2x_alpha,results/alpha-sweep/extracted/search_evals/sadhika_alpha_2x_001_d16_2x_alpha/top_aware_k1_a0p25_bsz2097152_lr0p04_s42/result.json
16,2M,2097152,0.5,1,0.005,42,0.7599452092017,0.7599452092017,0.7599452092017,2.534541736601943,3840,8053063680,2.0,sadhika_alpha_2x_001_d16_2x_alpha,results/alpha-sweep/extracted/search_evals/sadhika_alpha_2x_001_d16_2x_alpha/top_aware_k1_a0p5_bsz2097152_lr0p005_s42/result.json
16,2M,2097152,0.5,1,0.0075,42,0.752945779638583,0.752945779638583,0.752945779638583,2.511914232283139,3840,8053063680,2.0,sadhika_alpha_2x_001_d16_2x_alpha,results/alpha-sweep/extracted/search_evals/sadhika_alpha_2x_001_d16_2x_alpha/top_aware_k1_a0p5_bsz2097152_lr0p0075_s42/result.json
16,2M,2097152,0.5,1,0.01,42,0.761525821387021,0.761525821387021,0.761525821387021,2.540438695496585,3840,8053063680,2.0,sadhika_alpha_2x_001_d16_2x_alpha,results/alpha-sweep/extracted/search_evals/sadhika_alpha_2x_001_d16_2x_alpha/top_aware_k1_a0p5_bsz2097152_lr0p01_s42/result.json
16,2M,2097152,0.5,1,0.015,42,0.7632976518522111,0.7632976518522111,0.7632976518522111,2.543085282202646,3840,8053063680,2.0,sadhika_alpha_2x_001_d16_2x_alpha,results/alpha-sweep/extracted/search_evals/sadhika_alpha_2x_001_d16_2x_alpha/top_aware_k1_a0p5_bsz2097152_lr0p015_s42/result.json
16,2M,2097152,0.5,1,0.02,42,0.7716466230835964,0.7716466230835964,0.7716466230835964,2.5722818869409454,3840,8053063680,2.0,sadhika_alpha_2x_001_d16_2x_alpha,results/alpha-sweep/extracted/search_evals/sadhika_alpha_2x_001_d16_2x_alpha/top_aware_k1_a0p5_bsz2097152_lr0p02_s42/result.json
16,2M,2097152,0.5,1,0.03,42,0.7810465340388241,0.7810465340388241,0.7810465340388241,2.6018291743034365,3840,8053063680,2.0,sadhika_alpha_2x_001_d16_2x_alpha,results/alpha-sweep/extracted/search_evals/sadhika_alpha_2x_001_d16_2x_alpha/top_aware_k1_a0p5_bsz2097152_lr0p03_s42/result.json
16,2M,2097152,0.5,1,0.04,42,0.7841101566576726,0.7841101566576726,0.7841101566576726,2.610870289678055,3840,8053063680,2.0,sadhika_alpha_2x_001_d16_2x_alpha,results/alpha-sweep/extracted/search_evals/sadhika_alpha_2x_001_d16_2x_alpha/top_aware_k1_a0p5_bsz2097152_lr0p04_s42/result.json
16,2M,2097152,0.75,1,0.005,42,0.7601882353899078,0.7601882353899078,0.7601882353899078,2.535179107136501,3840,8053063680,2.0,sadhika_alpha_2x_001_d16_2x_alpha,results/alpha-sweep/extracted/search_evals/sadhika_alpha_2x_001_d16_2x_alpha/top_aware_k1_a0p75_bsz2097152_lr0p005_s42/result.json
16,2M,2097152,0.75,1,0.0075,42,0.7580611403448777,0.7580611403448777,0.7580611403448777,2.52876105164075,3840,8053063680,2.0,sadhika_alpha_2x_001_d16_2x_alpha,results/alpha-sweep/extracted/search_evals/sadhika_alpha_2x_001_d16_2x_alpha/top_aware_k1_a0p75_bsz2097152_lr0p0075_s42/result.json
16,2M,2097152,0.75,1,0.01,42,0.7594998061072116,0.7594998061072116,0.7594998061072116,2.5333614754235283,3840,8053063680,2.0,sadhika_alpha_2x_001_d16_2x_alpha,results/alpha-sweep/extracted/search_evals/sadhika_alpha_2x_001_d16_2x_alpha/top_aware_k1_a0p75_bsz2097152_lr0p01_s42/result.json
16,2M,2097152,0.75,1,0.015,42,0.7662111402247964,0.7662111402247964,0.7662111402247964,2.541475982575391,3840,8053063680,2.0,sadhika_alpha_2x_001_d16_2x_alpha,results/alpha-sweep/extracted/search_evals/sadhika_alpha_2x_001_d16_2x_alpha/top_aware_k1_a0p75_bsz2097152_lr0p015_s42/result.json
16,2M,2097152,0.75,1,0.02,42,0.7737264751129105,0.7737264751129105,0.7737264751129105,2.5776464213072345,3840,8053063680,2.0,sadhika_alpha_2x_001_d16_2x_alpha,results/alpha-sweep/extracted/search_evals/sadhika_alpha_2x_001_d16_2x_alpha/top_aware_k1_a0p75_bsz2097152_lr0p02_s42/result.json
16,2M,2097152,0.75,1,0.03,42,0.7747193754876907,0.7747193754876907,0.7747193754876907,2.583026276720205,3840,8053063680,2.0,sadhika_alpha_2x_001_d16_2x_alpha,results/alpha-sweep/extracted/search_evals/sadhika_alpha_2x_001_d16_2x_alpha/top_aware_k1_a0p75_bsz2097152_lr0p03_s42/result.json
16,2M,2097152,0.75,1,0.04,42,0.7761979659458214,0.7761979659458214,0.7761979659458214,2.588918549019845,3840,8053063680,2.0,sadhika_alpha_2x_001_d16_2x_alpha,results/alpha-sweep/extracted/search_evals/sadhika_alpha_2x_001_d16_2x_alpha/top_aware_k1_a0p75_bsz2097152_lr0p04_s42/result.json
16,2M,2097152,0.85,1,0.005,42,0.7626984915808065,0.7626984915808065,0.7626984915808065,2.541209387184637,3840,8053063680,2.0,sadhika_alpha_2x_001_d16_2x_alpha,results/alpha-sweep/extracted/search_evals/sadhika_alpha_2x_001_d16_2x_alpha/top_aware_k1_a0p85_bsz2097152_lr0p005_s42/result.json
16,2M,2097152,0.85,1,0.0075,42,0.7600183199422789,0.7600183199422789,0.7600183199422789,2.5368234180991993,3840,8053063680,2.0,sadhika_alpha_2x_001_d16_2x_alpha,results/alpha-sweep/extracted/search_evals/sadhika_alpha_2x_001_d16_2x_alpha/top_aware_k1_a0p85_bsz2097152_lr0p0075_s42/result.json
16,2M,2097152,0.85,1,0.01,42,0.7622134536249736,0.7622134536249736,0.7622134536249736,2.542297730327805,3840,8053063680,2.0,sadhika_alpha_2x_001_d16_2x_alpha,results/alpha-sweep/extracted/search_evals/sadhika_alpha_2x_001_d16_2x_alpha/top_aware_k1_a0p85_bsz2097152_lr0p01_s42/result.json
16,2M,2097152,0.85,1,0.015,42,0.7659260155823999,0.7659260155823999,0.7659260155823999,2.554217395017592,3840,8053063680,2.0,sadhika_alpha_2x_001_d16_2x_alpha,results/alpha-sweep/extracted/search_evals/sadhika_alpha_2x_001_d16_2x_alpha/top_aware_k1_a0p85_bsz2097152_lr0p015_s42/result.json
16,2M,2097152,0.85,1,0.02,42,0.7766367028479081,0.7766367028479081,0.7766367028479081,2.5884674805570036,3840,8053063680,2.0,sadhika_alpha_2x_001_d16_2x_alpha,results/alpha-sweep/extracted/search_evals/sadhika_alpha_2x_001_d16_2x_alpha/top_aware_k1_a0p85_bsz2097152_lr0p02_s42/result.json
16,2M,2097152,0.85,1,0.03,42,0.7748040071477463,0.7748040071477463,0.7748040071477463,2.5817605986904058,3840,8053063680,2.0,sadhika_alpha_2x_001_d16_2x_alpha,results/alpha-sweep/extracted/search_evals/sadhika_alpha_2x_001_d16_2x_alpha/top_aware_k1_a0p85_bsz2097152_lr0p03_s42/result.json
16,2M,2097152,0.85,1,0.04,42,0.7774709188600838,0.7774709188600838,0.7774709188600838,2.5916249357824928,3840,8053063680,2.0,sadhika_alpha_2x_001_d16_2x_alpha,results/alpha-sweep/extracted/search_evals/sadhika_alpha_2x_001_d16_2x_alpha/top_aware_k1_a0p85_bsz2097152_lr0p04_s42/result.json
16,2M,2097152,1.0,1,0.005,42,0.752306042543864,0.752306042543864,0.752306042543864,2.510193748134436,3840,8053063680,2.0,sadhika_alpha_2x_001_d16_2x_alpha,results/alpha-sweep/extracted/search_evals/sadhika_alpha_2x_001_d16_2x_alpha/top_aware_k1_a1_bsz2097152_lr0p005_s42/result.json
16,2M,2097152,1.0,1,0.0075,42,0.7582459098081843,0.7582459098081843,0.7582459098081843,2.5303407664051725,3840,8053063680,2.0,sadhika_alpha_2x_001_d16_2x_alpha,results/alpha-sweep/extracted/search_evals/sadhika_alpha_2x_001_d16_2x_alpha/top_aware_k1_a1_bsz2097152_lr0p0075_s42/result.json
16,2M,2097152,1.0,1,0.01,42,0.7675300318997398,0.7675300318997398,0.7675300318997398,2.5618327690803557,3840,8053063680,2.0,sadhika_alpha_2x_001_d16_2x_alpha,results/alpha-sweep/extracted/search_evals/sadhika_alpha_2x_001_d16_2x_alpha/top_aware_k1_a1_bsz2097152_lr0p01_s42/result.json
16,2M,2097152,1.0,1,0.015,42,0.7670268792906415,0.7670268792906415,0.7670268792906415,2.556390217128882,3840,8053063680,2.0,sadhika_alpha_2x_001_d16_2x_alpha,results/alpha-sweep/extracted/search_evals/sadhika_alpha_2x_001_d16_2x_alpha/top_aware_k1_a1_bsz2097152_lr0p015_s42/result.json
16,2M,2097152,1.0,1,0.02,42,0.7745360551966454,0.7745360551966454,0.7745360551966454,2.584063407356904,3840,8053063680,2.0,sadhika_alpha_2x_001_d16_2x_alpha,results/alpha-sweep/extracted/search_evals/sadhika_alpha_2x_001_d16_2x_alpha/top_aware_k1_a1_bsz2097152_lr0p02_s42/result.json
16,2M,2097152,1.0,1,0.03,42,0.7696291579201282,0.7696291579201282,0.7696291579201282,2.564888429466029,3840,8053063680,2.0,sadhika_alpha_2x_001_d16_2x_alpha,results/alpha-sweep/extracted/search_evals/sadhika_alpha_2x_001_d16_2x_alpha/top_aware_k1_a1_bsz2097152_lr0p03_s42/result.json
16,2M,2097152,1.0,1,0.04,42,0.7757128555313754,0.7757128555313754,0.7757128555313754,2.5847167764799153,3840,8053063680,2.0,sadhika_alpha_2x_001_d16_2x_alpha,results/alpha-sweep/extracted/search_evals/sadhika_alpha_2x_001_d16_2x_alpha/top_aware_k1_a1_bsz2097152_lr0p04_s42/result.json
16,2M,2097152,1.15,1,0.005,42,0.7530185280860966,0.7530185280860966,0.7530185280860966,2.513215903005576,3840,8053063680,2.0,sadhika_alpha_2x_001_d16_2x_alpha,results/alpha-sweep/extracted/search_evals/sadhika_alpha_2x_001_d16_2x_alpha/top_aware_k1_a1p15_bsz2097152_lr0p005_s42/result.json
16,2M,2097152,1.15,1,0.0075,42,0.7623801084350148,0.7623801084350148,0.7623801084350148,2.5442058092009847,3840,8053063680,2.0,sadhika_alpha_2x_001_d16_2x_alpha,results/alpha-sweep/extracted/search_evals/sadhika_alpha_2x_001_d16_2x_alpha/top_aware_k1_a1p15_bsz2097152_lr0p0075_s42/result.json
16,2M,2097152,1.15,1,0.01,42,0.759466112852138,0.759466112852138,0.759466112852138,2.5366988415662837,3840,8053063680,2.0,sadhika_alpha_2x_001_d16_2x_alpha,results/alpha-sweep/extracted/search_evals/sadhika_alpha_2x_001_d16_2x_alpha/top_aware_k1_a1p15_bsz2097152_lr0p01_s42/result.json
16,2M,2097152,1.15,1,0.015,42,0.7685766241067985,0.7685766241067985,0.7685766241067985,2.5618189532050337,3840,8053063680,2.0,sadhika_alpha_2x_001_d16_2x_alpha,results/alpha-sweep/extracted/search_evals/sadhika_alpha_2x_001_d16_2x_alpha/top_aware_k1_a1p15_bsz2097152_lr0p015_s42/result.json
16,2M,2097152,1.15,1,0.02,42,0.7702023055494438,0.7702023055494438,0.7702023055494438,2.5648101118014104,3840,8053063680,2.0,sadhika_alpha_2x_001_d16_2x_alpha,results/alpha-sweep/extracted/search_evals/sadhika_alpha_2x_001_d16_2x_alpha/top_aware_k1_a1p15_bsz2097152_lr0p02_s42/result.json
16,2M,2097152,1.15,1,0.03,42,0.7692407797541192,0.7692407797541192,0.7692407797541192,2.5645468045925304,3840,8053063680,2.0,sadhika_alpha_2x_001_d16_2x_alpha,results/alpha-sweep/extracted/search_evals/sadhika_alpha_2x_001_d16_2x_alpha/top_aware_k1_a1p15_bsz2097152_lr0p03_s42/result.json
16,2M,2097152,1.15,1,0.04,42,0.7766427169127922,0.7766427169127922,0.7766427169127922,2.587031107206641,3840,8053063680,2.0,sadhika_alpha_2x_001_d16_2x_alpha,results/alpha-sweep/extracted/search_evals/sadhika_alpha_2x_001_d16_2x_alpha/top_aware_k1_a1p15_bsz2097152_lr0p04_s42/result.json
16,8M,8388608,0.25,1,0.005,42,0.8152254067371066,0.8152254067371066,0.8152254067371066,2.709468365174339,960,8053063680,2.0,sadhika_alpha_2x_001_d16_2x_alpha,results/alpha-sweep/extracted/search_evals/sadhika_alpha_2x_001_d16_2x_alpha/top_aware_k1_a0p25_bsz8388608_lr0p005_s42/result.json
16,8M,8388608,0.25,1,0.0075,42,0.801062718686741,0.801062718686741,0.801062718686741,2.666715834327969,960,8053063680,2.0,sadhika_alpha_2x_001_d16_2x_alpha,results/alpha-sweep/extracted/search_evals/sadhika_alpha_2x_001_d16_2x_alpha/top_aware_k1_a0p25_bsz8388608_lr0p0075_s42/result.json
16,8M,8388608,0.25,1,0.01,42,0.7982732070011036,0.7982732070011036,0.7982732070011036,2.6564532820798568,960,8053063680,2.0,sadhika_alpha_2x_001_d16_2x_alpha,results/alpha-sweep/extracted/search_evals/sadhika_alpha_2x_001_d16_2x_alpha/top_aware_k1_a0p25_bsz8388608_lr0p01_s42/result.json
16,8M,8388608,0.25,1,0.015,42,0.8094202400344674,0.8094202400344674,0.8094202400344674,2.6913493081754654,960,8053063680,2.0,sadhika_alpha_2x_001_d16_2x_alpha,results/alpha-sweep/extracted/search_evals/sadhika_alpha_2x_001_d16_2x_alpha/top_aware_k1_a0p25_bsz8388608_lr0p015_s42/result.json
16,8M,8388608,0.25,1,0.02,42,0.8030389548993772,0.8030389548993772,0.8030389548993772,2.672174217587645,960,8053063680,2.0,sadhika_alpha_2x_001_d16_2x_alpha,results/alpha-sweep/extracted/search_evals/sadhika_alpha_2x_001_d16_2x_alpha/top_aware_k1_a0p25_bsz8388608_lr0p02_s42/result.json
16,8M,8388608,0.25,1,0.03,42,0.8380043658424411,0.8380043658424411,0.8380043658424411,2.7792700711765206,960,8053063680,2.0,sadhika_alpha_2x_001_d16_2x_alpha,results/alpha-sweep/extracted/search_evals/sadhika_alpha_2x_001_d16_2x_alpha/top_aware_k1_a0p25_bsz8388608_lr0p03_s42/result.json
16,8M,8388608,0.25,1,0.04,42,0.8252789668407611,0.8252789668407611,0.8252789668407611,2.7412881180992326,960,8053063680,2.0,sadhika_alpha_2x_001_d16_2x_alpha,results/alpha-sweep/extracted/search_evals/sadhika_alpha_2x_001_d16_2x_alpha/top_aware_k1_a0p25_bsz8388608_lr0p04_s42/result.json
16,8M,8388608,0.5,1,0.005,42,0.8096379057081039,0.8096379057081039,0.8096379057081039,2.6927832620234367,960,8053063680,2.0,sadhika_alpha_2x_001_d16_2x_alpha,results/alpha-sweep/extracted/search_evals/sadhika_alpha_2x_001_d16_2x_alpha/top_aware_k1_a0p5_bsz8388608_lr0p005_s42/result.json
16,8M,8388608,0.5,1,0.0075,42,0.7993732012059885,0.7993732012059885,0.7993732012059885,2.6615256945012176,960,8053063680,2.0,sadhika_alpha_2x_001_d16_2x_alpha,results/alpha-sweep/extracted/search_evals/sadhika_alpha_2x_001_d16_2x_alpha/top_aware_k1_a0p5_bsz8388608_lr0p0075_s42/result.json
16,8M,8388608,0.5,1,0.01,42,0.7974706554028357,0.7974706554028357,0.7974706554028357,2.653424835420975,960,8053063680,2.0,sadhika_alpha_2x_001_d16_2x_alpha,results/alpha-sweep/extracted/search_evals/sadhika_alpha_2x_001_d16_2x_alpha/top_aware_k1_a0p5_bsz8388608_lr0p01_s42/result.json
16,8M,8388608,0.5,1,0.015,42,0.7957257795417044,0.7957257795417044,0.7957257795417044,2.6488421031704803,960,8053063680,2.0,sadhika_alpha_2x_001_d16_2x_alpha,results/alpha-sweep/extracted/search_evals/sadhika_alpha_2x_001_d16_2x_alpha/top_aware_k1_a0p5_bsz8388608_lr0p015_s42/result.json
16,8M,8388608,0.5,1,0.02,42,0.8199292025212127,0.8199292025212127,0.8199292025212127,2.723580068016034,960,8053063680,2.0,sadhika_alpha_2x_001_d16_2x_alpha,results/alpha-sweep/extracted/search_evals/sadhika_alpha_2x_001_d16_2x_alpha/top_aware_k1_a0p5_bsz8388608_lr0p02_s42/result.json
16,8M,8388608,0.5,1,0.03,42,0.8087573886421818,0.8087573886421818,0.8087573886421818,2.690541790537255,960,8053063680,2.0,sadhika_alpha_2x_001_d16_2x_alpha,results/alpha-sweep/extracted/search_evals/sadhika_alpha_2x_001_d16_2x_alpha/top_aware_k1_a0p5_bsz8388608_lr0p03_s42/result.json
16,8M,8388608,0.5,1,0.04,42,0.8734461921663836,0.8734461921663836,0.8734461921663836,2.894572707987684,960,8053063680,2.0,sadhika_alpha_2x_001_d16_2x_alpha,results/alpha-sweep/extracted/search_evals/sadhika_alpha_2x_001_d16_2x_alpha/top_aware_k1_a0p5_bsz8388608_lr0p04_s42/result.json
16,8M,8388608,0.75,1,0.005,42,0.8067543427427128,0.8067543427427128,0.8067543427427128,2.6823855693418457,960,8053063680,2.0,sadhika_alpha_2x_001_d16_2x_alpha,results/alpha-sweep/extracted/search_evals/sadhika_alpha_2x_001_d16_2x_alpha/top_aware_k1_a0p75_bsz8388608_lr0p005_s42/result.json
16,8M,8388608,0.75,1,0.0075,42,0.7986673818561576,0.7986673818561576,0.7986673818561576,2.657940117520331,960,8053063680,2.0,sadhika_alpha_2x_001_d16_2x_alpha,results/alpha-sweep/extracted/search_evals/sadhika_alpha_2x_001_d16_2x_alpha/top_aware_k1_a0p75_bsz8388608_lr0p0075_s42/result.json
16,8M,8388608,0.75,1,0.01,42,0.793829610096501,0.793829610096501,0.793829610096501,2.6438250565361674,960,8053063680,2.0,sadhika_alpha_2x_001_d16_2x_alpha,results/alpha-sweep/extracted/search_evals/sadhika_alpha_2x_001_d16_2x_alpha/top_aware_k1_a0p75_bsz8388608_lr0p01_s42/result.json
16,8M,8388608,0.75,1,0.015,42,0.7904906447480192,0.7904906447480192,0.7904906447480192,2.634175680160589,960,8053063680,2.0,sadhika_alpha_2x_001_d16_2x_alpha,results/alpha-sweep/extracted/search_evals/sadhika_alpha_2x_001_d16_2x_alpha/top_aware_k1_a0p75_bsz8388608_lr0p015_s42/result.json
16,8M,8388608,0.75,1,0.02,42,0.7954158015950278,0.7954158015950278,0.7954158015950278,2.6472622850539587,960,8053063680,2.0,sadhika_alpha_2x_001_d16_2x_alpha,results/alpha-sweep/extracted/search_evals/sadhika_alpha_2x_001_d16_2x_alpha/top_aware_k1_a0p75_bsz8388608_lr0p02_s42/result.json
16,8M,8388608,0.75,1,0.03,42,0.8546954247369708,0.8546954247369708,0.8546954247369708,2.833912246411224,960,8053063680,2.0,sadhika_alpha_2x_001_d16_2x_alpha,results/alpha-sweep/extracted/search_evals/sadhika_alpha_2x_001_d16_2x_alpha/top_aware_k1_a0p75_bsz8388608_lr0p03_s42/result.json
16,8M,8388608,0.75,1,0.04,42,0.8093169140522419,0.8093169140522419,0.8093169140522419,2.6929501264206204,960,8053063680,2.0,sadhika_alpha_2x_001_d16_2x_alpha,results/alpha-sweep/extracted/search_evals/sadhika_alpha_2x_001_d16_2x_alpha/top_aware_k1_a0p75_bsz8388608_lr0p04_s42/result.json
16,8M,8388608,0.85,1,0.005,42,0.8044821855543339,0.8044821855543339,0.8044821855543339,2.6753995071513925,960,8053063680,2.0,sadhika_alpha_2x_001_d16_2x_alpha,results/alpha-sweep/extracted/search_evals/sadhika_alpha_2x_001_d16_2x_alpha/top_aware_k1_a0p85_bsz8388608_lr0p005_s42/result.json
16,8M,8388608,0.85,1,0.0075,42,0.7979450419425486,0.7979450419425486,0.7979450419425486,2.6554261578436904,960,8053063680,2.0,sadhika_alpha_2x_001_d16_2x_alpha,results/alpha-sweep/extracted/search_evals/sadhika_alpha_2x_001_d16_2x_alpha/top_aware_k1_a0p85_bsz8388608_lr0p0075_s42/result.json
16,8M,8388608,0.85,1,0.01,42,0.7934452896128233,0.7934452896128233,0.7934452896128233,2.642187460146963,960,8053063680,2.0,sadhika_alpha_2x_001_d16_2x_alpha,results/alpha-sweep/extracted/search_evals/sadhika_alpha_2x_001_d16_2x_alpha/top_aware_k1_a0p85_bsz8388608_lr0p01_s42/result.json
16,8M,8388608,0.85,1,0.015,42,0.8064596535633922,0.8064596535633922,0.8064596535633922,2.6827829996194454,960,8053063680,2.0,sadhika_alpha_2x_001_d16_2x_alpha,results/alpha-sweep/extracted/search_evals/sadhika_alpha_2x_001_d16_2x_alpha/top_aware_k1_a0p85_bsz8388608_lr0p015_s42/result.json
16,8M,8388608,0.85,1,0.02,42,0.86485962914277,0.86485962914277,0.86485962914277,2.864791389578071,960,8053063680,2.0,sadhika_alpha_2x_001_d16_2x_alpha,results/alpha-sweep/extracted/search_evals/sadhika_alpha_2x_001_d16_2x_alpha/top_aware_k1_a0p85_bsz8388608_lr0p02_s42/result.json
16,8M,8388608,0.85,1,0.03,42,0.8646633387599867,0.8646633387599867,0.8646633387599867,2.8632484112504377,960,8053063680,2.0,sadhika_alpha_2x_001_d16_2x_alpha,results/alpha-sweep/extracted/search_evals/sadhika_alpha_2x_001_d16_2x_alpha/top_aware_k1_a0p85_bsz8388608_lr0p03_s42/result.json
16,8M,8388608,0.85,1,0.04,42,0.8055902226652686,0.8055902226652686,0.8055902226652686,2.6814009739966274,960,8053063680,2.0,sadhika_alpha_2x_001_d16_2x_alpha,results/alpha-sweep/extracted/search_evals/sadhika_alpha_2x_001_d16_2x_alpha/top_aware_k1_a0p85_bsz8388608_lr0p04_s42/result.json
16,8M,8388608,1.0,1,0.005,42,0.8014079839779784,0.8014079839779784,0.8014079839779784,2.66672739088788,960,8053063680,2.0,sadhika_alpha_2x_001_d16_2x_alpha,results/alpha-sweep/extracted/search_evals/sadhika_alpha_2x_001_d16_2x_alpha/top_aware_k1_a1_bsz8388608_lr0p005_s42/result.json
16,8M,8388608,1.0,1,0.0075,42,0.7942124814079173,0.7942124814079173,0.7942124814079173,2.6441463544820727,960,8053063680,2.0,sadhika_alpha_2x_001_d16_2x_alpha,results/alpha-sweep/extracted/search_evals/sadhika_alpha_2x_001_d16_2x_alpha/top_aware_k1_a1_bsz8388608_lr0p0075_s42/result.json
16,8M,8388608,1.0,1,0.01,42,0.7964163825827925,0.7964163825827925,0.7964163825827925,2.651238238931491,960,8053063680,2.0,sadhika_alpha_2x_001_d16_2x_alpha,results/alpha-sweep/extracted/search_evals/sadhika_alpha_2x_001_d16_2x_alpha/top_aware_k1_a1_bsz8388608_lr0p01_s42/result.json
16,8M,8388608,1.0,1,0.015,42,0.7885058584190416,0.7885058584190416,0.7885058584190416,2.6251079150744747,960,8053063680,2.0,sadhika_alpha_2x_001_d16_2x_alpha,results/alpha-sweep/extracted/search_evals/sadhika_alpha_2x_001_d16_2x_alpha/top_aware_k1_a1_bsz8388608_lr0p015_s42/result.json
16,8M,8388608,1.0,1,0.02,42,0.8002311836432484,0.8002311836432484,0.8002311836432484,2.663824877860405,960,8053063680,2.0,sadhika_alpha_2x_001_d16_2x_alpha,results/alpha-sweep/extracted/search_evals/sadhika_alpha_2x_001_d16_2x_alpha/top_aware_k1_a1_bsz8388608_lr0p02_s42/result.json
16,8M,8388608,1.0,1,0.03,42,0.8498652611316857,0.8498652611316857,0.8498652611316857,2.8180727619945922,960,8053063680,2.0,sadhika_alpha_2x_001_d16_2x_alpha,results/alpha-sweep/extracted/search_evals/sadhika_alpha_2x_001_d16_2x_alpha/top_aware_k1_a1_bsz8388608_lr0p03_s42/result.json
16,8M,8388608,1.0,1,0.04,42,0.8063043022969886,0.8063043022969886,0.8063043022969886,2.684891441170434,960,8053063680,2.0,sadhika_alpha_2x_001_d16_2x_alpha,results/alpha-sweep/extracted/search_evals/sadhika_alpha_2x_001_d16_2x_alpha/top_aware_k1_a1_bsz8388608_lr0p04_s42/result.json
16,8M,8388608,1.15,1,0.005,42,0.8045446448787928,0.8045446448787928,0.8045446448787928,2.6774472937201588,960,8053063680,2.0,sadhika_alpha_2x_001_d16_2x_alpha,results/alpha-sweep/extracted/search_evals/sadhika_alpha_2x_001_d16_2x_alpha/top_aware_k1_a1p15_bsz8388608_lr0p005_s42/result.json
16,8M,8388608,1.15,1,0.0075,42,0.7940237267208924,0.7940237267208924,0.7940237267208924,2.643004482530794,960,8053063680,2.0,sadhika_alpha_2x_001_d16_2x_alpha,results/alpha-sweep/extracted/search_evals/sadhika_alpha_2x_001_d16_2x_alpha/top_aware_k1_a1p15_bsz8388608_lr0p0075_s42/result.json
16,8M,8388608,1.15,1,0.01,42,0.805090258235145,0.805090258235145,0.805090258235145,2.6774490861928517,960,8053063680,2.0,sadhika_alpha_2x_001_d16_2x_alpha,results/alpha-sweep/extracted/search_evals/sadhika_alpha_2x_001_d16_2x_alpha/top_aware_k1_a1p15_bsz8388608_lr0p01_s42/result.json
16,8M,8388608,1.15,1,0.015,42,0.8013479157877506,0.8013479157877506,0.8013479157877506,2.666934119324016,960,8053063680,2.0,sadhika_alpha_2x_001_d16_2x_alpha,results/alpha-sweep/extracted/search_evals/sadhika_alpha_2x_001_d16_2x_alpha/top_aware_k1_a1p15_bsz8388608_lr0p015_s42/result.json
16,8M,8388608,1.15,1,0.02,42,0.8161092568992294,0.8161092568992294,0.8161092568992294,2.7157404012162667,960,8053063680,2.0,sadhika_alpha_2x_001_d16_2x_alpha,results/alpha-sweep/extracted/search_evals/sadhika_alpha_2x_001_d16_2x_alpha/top_aware_k1_a1p15_bsz8388608_lr0p02_s42/result.json
16,8M,8388608,1.15,1,0.03,42,0.82019635742757,0.82019635742757,0.82019635742757,2.7250296915666823,960,8053063680,2.0,sadhika_alpha_2x_001_d16_2x_alpha,results/alpha-sweep/extracted/search_evals/sadhika_alpha_2x_001_d16_2x_alpha/top_aware_k1_a1p15_bsz8388608_lr0p03_s42/result.json
16,8M,8388608,1.15,1,0.04,42,0.8063918323015667,0.8063918323015667,0.8063918323015667,2.6846580345592517,960,8053063680,2.0,sadhika_alpha_2x_001_d16_2x_alpha,results/alpha-sweep/extracted/search_evals/sadhika_alpha_2x_001_d16_2x_alpha/top_aware_k1_a1p15_bsz8388608_lr0p04_s42/result.json
