catalog_source,source,family,batch_label,batch,method,variant,alpha,top_k,lr,seed,score,status,quality,tokens,depth,path,notes
figures/current_same_driver_v26/raw_rows.csv,v26_streaming_small,same_driver_streaming_ddp,32K,32768,streaming_identity,alpha=1 identity,1,,0.005,42,0.935063640242,complete,full_or_historical,,8,search_evals/v26_small_bsz_streaming_fair_20260430/identity_bsz32768_lr0p005_s42/result.json,
figures/current_same_driver_v26/raw_rows.csv,v26_streaming_small,same_driver_streaming_ddp,32K,32768,streaming_lite,LITE-like chi2 tail,,,0.005,42,0.933130615316,complete,full_or_historical,,8,search_evals/v26_small_bsz_streaming_fair_20260430/lite_chi2_rs01_bsz32768_lr0p005_s42/result.json,
figures/current_same_driver_v26/raw_rows.csv,v26_streaming_small,same_driver_streaming_ddp,64K,65536,streaming_identity,alpha=1 identity,1,,0.01,42,0.922144542015,complete,full_or_historical,,8,search_evals/v26_small_bsz_streaming_fair_20260430/identity_bsz65536_lr0p01_s42/result.json,
figures/current_same_driver_v26/raw_rows.csv,v26_streaming_small,same_driver_streaming_ddp,64K,65536,streaming_lite,LITE-like chi2 tail,,,0.01,42,0.922291040381,complete,full_or_historical,,8,search_evals/v26_small_bsz_streaming_fair_20260430/lite_chi2_rs01_bsz65536_lr0p01_s42/result.json,
figures/current_same_driver_v26/raw_rows.csv,v26_streaming_small,same_driver_streaming_ddp,64K,65536,top_aware_muon,"top_k=1, alpha=0.5",0.5,1,0.01,42,0.923802321001,complete,full_or_historical,,8,search_evals/v26_small_bsz_streaming_fair_20260430/top1pm_a05_bsz65536_lr0p01_s42/result.json,
results/dynamics_128k_200step/summary.json,dynamics_128k_200step,dynamics_smoke,128K,131072,streaming_identity,alpha=1 identity,1,,0.01,42,1.58651209543,complete,smoke_200step,,8,search_evals/v34_real_metrics_smoke_128k_200_streaming_identity_accum2/result.json,"Real 200-step full-statistics smoke runs at 128K, d8, seq1024, 8xB200 DDP, device_batch=8, grad_accum=2, lr=0.01, seed 42."
results/dynamics_128k_200step/summary.json,dynamics_128k_200step,dynamics_smoke,128K,131072,top_aware_muon,"top_k=1, alpha=1.25",1.25,1,0.01,42,1.60097703398,complete,smoke_200step,,8,search_evals/v34_real_metrics_smoke_128k_200_topaware_a1p25_accum2/result.json,"Real 200-step full-statistics smoke runs at 128K, d8, seq1024, 8xB200 DDP, device_batch=8, grad_accum=2, lr=0.01, seed 42."
figures/topaware_alpha_dashboard/raw_rows.csv,native_ddp_exact_control,native_ddp_or_control,128K,131072,native_muon,native Muon,,,0.01,42,0.916691571436,complete,full_or_historical,,8,sweep_results_v21_exact_native_controls_top1/native_muon_bsz131072_lr0.01_s42.json,
figures/historical_large_batch/raw_rows.csv,native_single_gpu,native_single_gpu,128K,131072,native_lite,native LITE,,,0.01,44,0.892904466248,complete,full_or_historical,,8,sweep_results_v18_128k_clean/lite_bsz131072_lr0.01_s44.json,historical native Muon/LITE or older streaming Top-Aware control
figures/historical_large_batch/raw_rows.csv,native_single_gpu,native_single_gpu,128K,131072,native_muon,native Muon,,,0.01,44,0.893412769118,complete,full_or_historical,,8,sweep_results_v18_128k_clean/muon_bsz131072_lr0.01_s44.json,historical native Muon/LITE or older streaming Top-Aware control
figures/topaware_alpha_dashboard/raw_rows.csv,ddp_top1_official,same_driver_streaming_ddp,128K,131072,streaming_identity,alpha=1 identity,1,,0.01,42,0.916967759255,complete,full_or_historical,,8,search_evals/ddp8_top1_damp_adaptive_20260429_171235/identity_bsz131072_lr0p01/result.json,
figures/topaware_alpha_dashboard/raw_rows.csv,ddp_top1_official,same_driver_streaming_ddp,128K,131072,top_aware_muon,"top_k=1, alpha=0.5",0.5,1,0.01,42,0.917040211464,complete,full_or_historical,,8,search_evals/ddp8_top1_damp_adaptive_20260429_171235/top1_damp_a05_bsz131072_lr0p01/result.json,
figures/topaware_alpha_dashboard/raw_rows.csv,v28_topaware_k1_128k_alpha075_20260430,same_driver_streaming_ddp,128K,131072,top_aware_muon,"top_k=1, alpha=0.75",0.75,1,0.01,42,0.917182580054,complete,full_or_historical,,8,/blue/yanjun.li/xd7812.princeton/sigma-search/search_evals/v28_topaware_k1_128k_alpha075_20260430/top_aware_k1_a0p75_bsz131072_lr0p01_s42/result.json,
results/topaware_128k_near_identity_lr001/summary.json,topaware_128k_near_identity_lr001,same_driver_streaming_ddp,128K,131072,top_aware_muon,"top_k=1, alpha=0.85",0.85,1,0.01,42,0.916765690045,complete,full_1b,1073741824,8,search_evals/v36_topaware_128k_near_identity_lr001_20260501/top_aware_k1_a0p85_bsz131072_lr0p01_s42/result.json,"Fixed-LR alpha curve around identity at 128K. All completed Top-Aware rows use d8, seq1024, 8192 steps, lr=0.01, seed 42."
results/topaware_128k_near_identity_lr001/summary.json,topaware_128k_near_identity_lr001,same_driver_streaming_ddp,128K,131072,top_aware_muon,"top_k=1, alpha=1.15",1.15,1,0.01,42,0.916568620038,complete,full_1b,1073741824,8,search_evals/v36_topaware_128k_near_identity_lr001_20260501/top_aware_k1_a1p15_bsz131072_lr0p01_s42/result.json,"Fixed-LR alpha curve around identity at 128K. All completed Top-Aware rows use d8, seq1024, 8192 steps, lr=0.01, seed 42."
results/topaware_128k_alpha125_lrsweep/summary.json,topaware_128k_alpha125_lrsweep,same_driver_streaming_ddp,128K,131072,top_aware_muon,"top_k=1, alpha=1.25",1.25,1,0.01,42,0.91716374248,complete,full_1b,1073741824,8,search_evals/v33_topaware_k1_128k_alpha125_20260501/top_aware_k1_a1p25_bsz131072_lr0p01_s42/result.json,"Top-Aware Muon alpha=1.25 LR sweep at 128K, d8, seq1024, about 1.07B tokens, seed 42."
figures/topaware_alpha_dashboard/raw_rows.csv,v29_topaware_k1_256k_alpha_sweep_20260430,native_ddp_or_control,256K,262144,native_muon,native Muon,,,0.01,42,0.913945547248,complete,full_or_historical,,8,/blue/yanjun.li/xd7812.princeton/sigma-search/search_evals/v29_topaware_k1_256k_alpha_sweep_20260430/native_muon_bsz262144_lr0p01_s42/result.json,
figures/historical_large_batch/raw_rows.csv,native_single_gpu,native_single_gpu,256K,262144,native_lite,native LITE,,,0.01,42,0.891713422337,complete,full_or_historical,,8,sweep_results_v13_256k_clean/lite_bsz262144_lr0.01_s42.json,historical native Muon/LITE or older streaming Top-Aware control
figures/historical_large_batch/raw_rows.csv,native_single_gpu,native_single_gpu,256K,262144,native_muon,native Muon,,,0.01,44,0.891630208762,complete,full_or_historical,,8,sweep_results_v13_256k_clean/muon_bsz262144_lr0.01_s44.json,historical native Muon/LITE or older streaming Top-Aware control
figures/topaware_alpha_dashboard/raw_rows.csv,v29_topaware_k1_256k_alpha_sweep_20260430,same_driver_streaming_ddp,256K,262144,streaming_identity,alpha=1 identity,1,,0.01,42,0.915118851343,complete,full_or_historical,,8,/blue/yanjun.li/xd7812.princeton/sigma-search/search_evals/v29_topaware_k1_256k_alpha_sweep_20260430/streaming_identity_bsz262144_lr0p01_s42/result.json,
figures/topaware_alpha_dashboard/raw_rows.csv,v29_topaware_k1_256k_alpha_sweep_20260430,same_driver_streaming_ddp,256K,262144,streaming_lite,LITE-like chi2 tail,,,0.01,42,0.914020113599,complete,full_or_historical,,8,/blue/yanjun.li/xd7812.princeton/sigma-search/search_evals/v29_topaware_k1_256k_alpha_sweep_20260430/streaming_lite_bsz262144_lr0p01_s42/result.json,
figures/topaware_alpha_dashboard/raw_rows.csv,v29_topaware_k1_256k_alpha_sweep_20260430,same_driver_streaming_ddp,256K,262144,top_aware_muon,"top_k=1, alpha=0.25",0.25,1,0.02,42,0.920442349825,complete,full_or_historical,,8,/blue/yanjun.li/xd7812.princeton/sigma-search/search_evals/v29_topaware_k1_256k_alpha_sweep_20260430/top_aware_k1_a0p25_bsz262144_lr0p02_s42/result.json,
figures/topaware_alpha_dashboard/raw_rows.csv,v29_topaware_k1_256k_alpha_sweep_20260430,same_driver_streaming_ddp,256K,262144,top_aware_muon,"top_k=1, alpha=0.5",0.5,1,0.01,42,0.916747576993,complete,full_or_historical,,8,/blue/yanjun.li/xd7812.princeton/sigma-search/search_evals/v29_topaware_k1_256k_alpha_sweep_20260430/top_aware_k1_a0p5_bsz262144_lr0p01_s42/result.json,
figures/topaware_alpha_dashboard/raw_rows.csv,v29_topaware_k1_256k_alpha_sweep_20260430,same_driver_streaming_ddp,256K,262144,top_aware_muon,"top_k=1, alpha=0.75",0.75,1,0.01,42,0.916292214862,complete,full_or_historical,,8,/blue/yanjun.li/xd7812.princeton/sigma-search/search_evals/v29_topaware_k1_256k_alpha_sweep_20260430/top_aware_k1_a0p75_bsz262144_lr0p01_s42/result.json,
figures/topaware_alpha_dashboard/raw_rows.csv,v29_topaware_k1_256k_alpha_sweep_20260430,same_driver_streaming_ddp,256K,262144,top_aware_muon,"top_k=1, alpha=0.875",0.875,1,0.01,42,0.91602283755,complete,full_or_historical,,8,/blue/yanjun.li/xd7812.princeton/sigma-search/search_evals/v29_topaware_k1_256k_alpha_sweep_20260430/top_aware_k1_a0p875_bsz262144_lr0p01_s42/result.json,
figures/topaware_alpha_dashboard/raw_rows.csv,v31_topaware_k1_512k_alpha_sweep_20260501,native_ddp_or_control,512K,524288,native_muon,native Muon,,,0.01,42,0.921939719621,complete,full_or_historical,,8,/blue/yanjun.li/xd7812.princeton/sigma-search/search_evals/v31_topaware_k1_512k_alpha_sweep_20260501/native_muon_bsz524288_lr0p01_s42/result.json,
figures/historical_large_batch/raw_rows.csv,native_single_gpu,native_single_gpu,512K,524288,native_lite,native LITE,,,0.01,43,0.896285405654,complete,full_or_historical,,8,sweep_results_v9/lite_bsz524288_lr0.01_s43.json,historical native Muon/LITE or older streaming Top-Aware control
figures/historical_large_batch/raw_rows.csv,native_single_gpu,native_single_gpu,512K,524288,native_muon,native Muon,,,0.01,44,0.89789886852,complete,full_or_historical,,8,sweep_results_v9/muon_bsz524288_lr0.01_s44.json,historical native Muon/LITE or older streaming Top-Aware control
figures/topaware_alpha_dashboard/raw_rows.csv,v31_topaware_k1_512k_alpha_sweep_20260501,same_driver_streaming_ddp,512K,524288,streaming_identity,alpha=1 identity,1,,0.01,42,0.920964223084,complete,full_or_historical,,8,/blue/yanjun.li/xd7812.princeton/sigma-search/search_evals/v31_topaware_k1_512k_alpha_sweep_20260501/streaming_identity_bsz524288_lr0p01_s42/result.json,
figures/topaware_alpha_dashboard/raw_rows.csv,v31_topaware_k1_512k_alpha_sweep_20260501,same_driver_streaming_ddp,512K,524288,top_aware_muon,"top_k=1, alpha=0.25",0.25,1,0.01,42,0.923897378299,complete,full_or_historical,,8,/blue/yanjun.li/xd7812.princeton/sigma-search/search_evals/v31_topaware_k1_512k_alpha_sweep_20260501/top_aware_k1_a0p25_bsz524288_lr0p01_s42/result.json,
figures/topaware_alpha_dashboard/raw_rows.csv,v31_topaware_k1_512k_alpha_sweep_20260501,same_driver_streaming_ddp,512K,524288,top_aware_muon,"top_k=1, alpha=0.5",0.5,1,0.01,42,0.922203010947,complete,full_or_historical,,8,/blue/yanjun.li/xd7812.princeton/sigma-search/search_evals/v31_topaware_k1_512k_alpha_sweep_20260501/top_aware_k1_a0p5_bsz524288_lr0p01_s42/result.json,
figures/topaware_alpha_dashboard/raw_rows.csv,v31_topaware_k1_512k_alpha_sweep_20260501,same_driver_streaming_ddp,512K,524288,top_aware_muon,"top_k=1, alpha=0.75",0.75,1,0.02,42,0.924523437834,complete,full_or_historical,,8,/blue/yanjun.li/xd7812.princeton/sigma-search/search_evals/v31_topaware_k1_512k_alpha_sweep_20260501/top_aware_k1_a0p75_bsz524288_lr0p02_s42/result.json,
figures/topaware_alpha_dashboard/raw_rows.csv,v31_topaware_k1_512k_alpha_sweep_20260501,same_driver_streaming_ddp,512K,524288,top_aware_muon,"top_k=1, alpha=0.875",0.875,1,0.01,42,0.924970178152,complete,full_or_historical,,8,/blue/yanjun.li/xd7812.princeton/sigma-search/search_evals/v31_topaware_k1_512k_alpha_sweep_20260501/top_aware_k1_a0p875_bsz524288_lr0p01_s42/result.json,
figures/native_streaming_topk/native_streaming_topk_raw.csv,native_ddp_exact_control,native_ddp_or_control,1M,1048576,native_muon,native Muon,,,0.01,42,0.933374706807,complete,full_or_historical,,8,sweep_results_v21_exact_native_controls_top1/native_muon_bsz1048576_lr0.01_s42.json,single exact-control LR
figures/historical_large_batch/raw_rows.csv,native_single_gpu,native_single_gpu,1M,1048576,native_lite,native LITE,,,0.02,42,0.906797957738,complete,full_or_historical,,8,sweep_results_v9/lite_bsz1048576_lr0.02_s42.json,historical native Muon/LITE or older streaming Top-Aware control
figures/historical_large_batch/raw_rows.csv,native_single_gpu,native_single_gpu,1M,1048576,native_muon,native Muon,,,0.01,42,0.910022068786,complete,full_or_historical,,8,sweep_results_v9/muon_bsz1048576_lr0.01_s42.json,historical native Muon/LITE or older streaming Top-Aware control
figures/historical_large_batch/raw_rows.csv,streaming_ddp_top1_old,streaming_ddp_top1_old,1M,1048576,streaming_identity,alpha=1 identity,1,,0.01,42,0.93497894361,complete,full_or_historical,,8,search_evals/ddp8_top1_damp_adaptive_20260429_171235/identity_bsz1048576_lr0p01/result.json,historical native Muon/LITE or older streaming Top-Aware control
figures/historical_large_batch/raw_rows.csv,streaming_ddp_top1_old,streaming_ddp_top1_old,1M,1048576,top_aware_muon,"top_k=1, alpha=0.5",0.5,1,0.02,42,0.933161045243,complete,full_or_historical,,8,search_evals/ddp8_top1_damp_adaptive_20260429_171235/top1_damp_a05_bsz1048576_lr0p02/result.json,historical native Muon/LITE or older streaming Top-Aware control
figures/historical_large_batch/raw_rows.csv,native_single_gpu,native_single_gpu,4M,4194304,native_lite,native LITE,,,0.04,42,0.969288754419,complete,full_or_historical,,8,sweep_results_v9/lite_bsz4194304_lr0.04_s42.json,historical native Muon/LITE or older streaming Top-Aware control
figures/historical_large_batch/raw_rows.csv,native_single_gpu,native_single_gpu,4M,4194304,native_muon,native Muon,,,0.04,42,0.979475380653,complete,full_or_historical,,8,sweep_results_v9/muon_bsz4194304_lr0.04_s42.json,historical native Muon/LITE or older streaming Top-Aware control
figures/native_streaming_topk/native_streaming_topk_raw.csv,native_ddp_exact_control,native_ddp_or_control,8M,8388608,native_muon,native Muon,,,0.02,42,1.11869260381,complete,full_or_historical,,8,sweep_results_v21_exact_native_controls_top1/native_muon_bsz8388608_lr0.02_s42.json,single exact-control LR
figures/historical_large_batch/raw_rows.csv,streaming_ddp_top1_old,streaming_ddp_top1_old,8M,8388608,streaming_identity,alpha=1 identity,1,,0.02,42,1.09850111514,complete,full_or_historical,,8,search_evals/ddp8_top1_damp_adaptive_20260429_171235/identity_bsz8388608_lr0p02/result.json,historical native Muon/LITE or older streaming Top-Aware control
figures/historical_large_batch/raw_rows.csv,streaming_ddp_top1_old,streaming_ddp_top1_old,8M,8388608,top_aware_muon,"top_k=1, alpha=0.5",0.5,1,0.02,42,1.08312030822,complete,full_or_historical,,8,search_evals/ddp8_top1_damp_adaptive_20260429_171235/top1_damp_a05_bsz8388608_lr0p02/result.json,historical native Muon/LITE or older streaming Top-Aware control
figures/historical_large_batch/raw_rows.csv,native_single_gpu,native_single_gpu,16M,16777216,native_lite,native LITE,,,0.04,44,1.29513925735,complete,full_or_historical,,8,sweep_results_v9/lite_bsz16777216_lr0.04_s44.json,historical native Muon/LITE or older streaming Top-Aware control
figures/historical_large_batch/raw_rows.csv,native_single_gpu,native_single_gpu,16M,16777216,native_muon,native Muon,,,0.04,42,1.3259978533,complete,full_or_historical,,8,sweep_results_v9/muon_bsz16777216_lr0.04_s42.json,historical native Muon/LITE or older streaming Top-Aware control
