source,case,method,alpha,batch,batch_label,lr,seed,score,val_bpb_final,steps_completed,tokens,path
v42_d8_c05_vs_identity_0p4B,streaming_identity_bsz262144_lr0p005_s42,streaming_identity,1.0,262144,262K,0.005,42,0.9970244068118078,0.9970244068118078,1536,402653184,search_evals/v42_d8_c05_vs_identity_0p4B/streaming_identity_bsz262144_lr0p005_s42/result.json
v42_d8_c05_vs_identity_0p4B,streaming_identity_bsz262144_lr0p01_s42,streaming_identity,1.0,262144,262K,0.01,42,0.9695266200659729,0.9695266200659729,1536,402653184,search_evals/v42_d8_c05_vs_identity_0p4B/streaming_identity_bsz262144_lr0p01_s42/result.json
v42_d8_c05_vs_identity_0p4B,streaming_identity_bsz262144_lr0p02_s42,streaming_identity,1.0,262144,262K,0.02,42,0.9727261095995963,0.9727261095995963,1536,402653184,search_evals/v42_d8_c05_vs_identity_0p4B/streaming_identity_bsz262144_lr0p02_s42/result.json
v56_262k_seed_confirm,streaming_identity_bsz262144_lr0p02_s43,streaming_identity,1.0,262144,262K,0.02,43,0.9670855602524122,0.9670855602524122,1536,402653184,search_evals/v56_262k_seed_confirm/streaming_identity_bsz262144_lr0p02_s43/result.json
v56_262k_seed_confirm,streaming_identity_bsz262144_lr0p02_s44,streaming_identity,1.0,262144,262K,0.02,44,0.9688670876107063,0.9688670876107063,1536,402653184,search_evals/v56_262k_seed_confirm/streaming_identity_bsz262144_lr0p02_s44/result.json
v42_d8_c05_vs_identity_0p4B,streaming_identity_bsz262144_lr0p04_s42,streaming_identity,1.0,262144,262K,0.04,42,0.967732123762332,0.967732123762332,1536,402653184,search_evals/v42_d8_c05_vs_identity_0p4B/streaming_identity_bsz262144_lr0p04_s42/result.json
v58_262k_1m_best_metrics_20260502_095901,streaming_identity_bsz262144_lr0p04_s42,streaming_identity,1.0,262144,262K,0.04,42,0.9674457926337794,0.9674457926337794,1536,402653184,search_evals/v58_262k_1m_best_metrics_20260502_095901/streaming_identity_bsz262144_lr0p04_s42/result.json
v56_262k_seed_confirm,streaming_identity_bsz262144_lr0p04_s43,streaming_identity,1.0,262144,262K,0.04,43,0.968458312249549,0.968458312249549,1536,402653184,search_evals/v56_262k_seed_confirm/streaming_identity_bsz262144_lr0p04_s43/result.json
v56_262k_seed_confirm,streaming_identity_bsz262144_lr0p04_s44,streaming_identity,1.0,262144,262K,0.04,44,0.9692286965840377,0.9692286965840377,1536,402653184,search_evals/v56_262k_seed_confirm/streaming_identity_bsz262144_lr0p04_s44/result.json
v42_d8_c05_vs_identity_0p4B,streaming_identity_bsz262144_lr0p08_s42,streaming_identity,1.0,262144,262K,0.08,42,0.9770771545373729,0.9770771545373729,1536,402653184,search_evals/v42_d8_c05_vs_identity_0p4B/streaming_identity_bsz262144_lr0p08_s42/result.json
v42_d8_c05_vs_identity_0p4B,top_aware_k1_a0p5_bsz262144_lr0p005_s42,top_aware_muon,0.5,262144,262K,0.005,42,0.995758666726835,0.995758666726835,1536,402653184,search_evals/v42_d8_c05_vs_identity_0p4B/top_aware_k1_a0p5_bsz262144_lr0p005_s42/result.json
v42_d8_c05_vs_identity_0p4B,top_aware_k1_a0p5_bsz262144_lr0p01_s42,top_aware_muon,0.5,262144,262K,0.01,42,0.9809380602836876,0.9809380602836876,1536,402653184,search_evals/v42_d8_c05_vs_identity_0p4B/top_aware_k1_a0p5_bsz262144_lr0p01_s42/result.json
v42_d8_c05_vs_identity_0p4B,top_aware_k1_a0p5_bsz262144_lr0p02_s42,top_aware_muon,0.5,262144,262K,0.02,42,0.9691346536172205,0.9691346536172205,1536,402653184,search_evals/v42_d8_c05_vs_identity_0p4B/top_aware_k1_a0p5_bsz262144_lr0p02_s42/result.json
v58_262k_1m_best_metrics_20260502_095901,top_aware_k1_a0p5_bsz262144_lr0p02_s42,top_aware_muon,0.5,262144,262K,0.02,42,0.9694288095843064,0.9694288095843064,1536,402653184,search_evals/v58_262k_1m_best_metrics_20260502_095901/top_aware_k1_a0p5_bsz262144_lr0p02_s42/result.json
v56_262k_seed_confirm,top_aware_k1_a0p5_bsz262144_lr0p02_s43,top_aware_muon,0.5,262144,262K,0.02,43,0.9647779574071699,0.9647779574071699,1536,402653184,search_evals/v56_262k_seed_confirm/top_aware_k1_a0p5_bsz262144_lr0p02_s43/result.json
v56_262k_seed_confirm,top_aware_k1_a0p5_bsz262144_lr0p02_s44,top_aware_muon,0.5,262144,262K,0.02,44,0.9742800645705463,0.9742800645705463,1536,402653184,search_evals/v56_262k_seed_confirm/top_aware_k1_a0p5_bsz262144_lr0p02_s44/result.json
v42_d8_c05_vs_identity_0p4B,top_aware_k1_a0p5_bsz262144_lr0p04_s42,top_aware_muon,0.5,262144,262K,0.04,42,0.9759850099443059,0.9759850099443059,1536,402653184,search_evals/v42_d8_c05_vs_identity_0p4B/top_aware_k1_a0p5_bsz262144_lr0p04_s42/result.json
v56_262k_seed_confirm,top_aware_k1_a0p5_bsz262144_lr0p04_s43,top_aware_muon,0.5,262144,262K,0.04,43,0.9722664727879724,0.9722664727879724,1536,402653184,search_evals/v56_262k_seed_confirm/top_aware_k1_a0p5_bsz262144_lr0p04_s43/result.json
v56_262k_seed_confirm,top_aware_k1_a0p5_bsz262144_lr0p04_s44,top_aware_muon,0.5,262144,262K,0.04,44,0.9679320918581834,0.9679320918581834,1536,402653184,search_evals/v56_262k_seed_confirm/top_aware_k1_a0p5_bsz262144_lr0p04_s44/result.json
v57_262k_topaware_s44_lr08,top_aware_k1_a0p5_bsz262144_lr0p08_s44,top_aware_muon,0.5,262144,262K,0.08,44,0.9773317515985402,0.9773317515985402,1536,402653184,search_evals/v57_262k_topaware_s44_lr08/top_aware_k1_a0p5_bsz262144_lr0p08_s44/result.json
v42_d8_c05_vs_identity_0p4B,streaming_identity_bsz1048576_lr0p005_s42,streaming_identity,1.0,1048576,1M,0.005,42,1.1626904391950434,1.1626904391950434,384,402653184,search_evals/v42_d8_c05_vs_identity_0p4B/streaming_identity_bsz1048576_lr0p005_s42/result.json
v42_d8_c05_vs_identity_0p4B,streaming_identity_bsz1048576_lr0p01_s42,streaming_identity,1.0,1048576,1M,0.01,42,1.0964153609575957,1.0964153609575957,384,402653184,search_evals/v42_d8_c05_vs_identity_0p4B/streaming_identity_bsz1048576_lr0p01_s42/result.json
v42_d8_c05_vs_identity_0p4B,streaming_identity_bsz1048576_lr0p02_s42,streaming_identity,1.0,1048576,1M,0.02,42,1.0105565956286775,1.0105565956286775,384,402653184,search_evals/v42_d8_c05_vs_identity_0p4B/streaming_identity_bsz1048576_lr0p02_s42/result.json
v52_1m_seed_confirm,streaming_identity_bsz1048576_lr0p02_s43,streaming_identity,1.0,1048576,1M,0.02,43,1.0262750298413146,1.0262750298413146,384,402653184,search_evals/v52_1m_seed_confirm/streaming_identity_bsz1048576_lr0p02_s43/result.json
v52_1m_seed_confirm,streaming_identity_bsz1048576_lr0p02_s44,streaming_identity,1.0,1048576,1M,0.02,44,1.0428243459826563,1.0428243459826563,384,402653184,search_evals/v52_1m_seed_confirm/streaming_identity_bsz1048576_lr0p02_s44/result.json
v42_d8_c05_vs_identity_0p4B,streaming_identity_bsz1048576_lr0p04_s42,streaming_identity,1.0,1048576,1M,0.04,42,1.0269541243929146,1.0269541243929146,384,402653184,search_evals/v42_d8_c05_vs_identity_0p4B/streaming_identity_bsz1048576_lr0p04_s42/result.json
v53_1m_identity_s42_boundary,streaming_identity_bsz1048576_lr0p08_s42,streaming_identity,1.0,1048576,1M,0.08,42,1.0024510047868724,1.0024510047868724,384,402653184,search_evals/v53_1m_identity_s42_boundary/streaming_identity_bsz1048576_lr0p08_s42/result.json
v58_262k_1m_best_metrics_20260502_095901,streaming_identity_bsz1048576_lr0p08_s42,streaming_identity,1.0,1048576,1M,0.08,42,1.002178222221336,1.002178222221336,384,402653184,search_evals/v58_262k_1m_best_metrics_20260502_095901/streaming_identity_bsz1048576_lr0p08_s42/result.json
v52_1m_seed_confirm,streaming_identity_bsz1048576_lr0p08_s43,streaming_identity,1.0,1048576,1M,0.08,43,1.0044511929108475,1.0044511929108475,384,402653184,search_evals/v52_1m_seed_confirm/streaming_identity_bsz1048576_lr0p08_s43/result.json
v52_1m_seed_confirm,streaming_identity_bsz1048576_lr0p08_s44,streaming_identity,1.0,1048576,1M,0.08,44,1.0071753959557805,1.0071753959557805,384,402653184,search_evals/v52_1m_seed_confirm/streaming_identity_bsz1048576_lr0p08_s44/result.json
v53_1m_identity_s42_boundary,streaming_identity_bsz1048576_lr0p16_s42,streaming_identity,1.0,1048576,1M,0.16,42,1.0219910756487403,1.0219910756487403,384,402653184,search_evals/v53_1m_identity_s42_boundary/streaming_identity_bsz1048576_lr0p16_s42/result.json
v54_1m_identity_s43s44_lr016,streaming_identity_bsz1048576_lr0p16_s43,streaming_identity,1.0,1048576,1M,0.16,43,1.0237744867644591,1.0237744867644591,384,402653184,search_evals/v54_1m_identity_s43s44_lr016/streaming_identity_bsz1048576_lr0p16_s43/result.json
v54_1m_identity_s43s44_lr016,streaming_identity_bsz1048576_lr0p16_s44,streaming_identity,1.0,1048576,1M,0.16,44,1.0213338616641503,1.0213338616641503,384,402653184,search_evals/v54_1m_identity_s43s44_lr016/streaming_identity_bsz1048576_lr0p16_s44/result.json
v42_d8_c05_vs_identity_0p4B,top_aware_k1_a0p5_bsz1048576_lr0p005_s42,top_aware_muon,0.5,1048576,1M,0.005,42,1.1500976657154238,1.1500976657154238,384,402653184,search_evals/v42_d8_c05_vs_identity_0p4B/top_aware_k1_a0p5_bsz1048576_lr0p005_s42/result.json
v42_d8_c05_vs_identity_0p4B,top_aware_k1_a0p5_bsz1048576_lr0p01_s42,top_aware_muon,0.5,1048576,1M,0.01,42,1.0915078106052412,1.0915078106052412,384,402653184,search_evals/v42_d8_c05_vs_identity_0p4B/top_aware_k1_a0p5_bsz1048576_lr0p01_s42/result.json
v42_d8_c05_vs_identity_0p4B,top_aware_k1_a0p5_bsz1048576_lr0p02_s42,top_aware_muon,0.5,1048576,1M,0.02,42,1.0450092147864594,1.0450092147864594,384,402653184,search_evals/v42_d8_c05_vs_identity_0p4B/top_aware_k1_a0p5_bsz1048576_lr0p02_s42/result.json
v52_1m_seed_confirm,top_aware_k1_a0p5_bsz1048576_lr0p02_s43,top_aware_muon,0.5,1048576,1M,0.02,43,1.0146760108554262,1.0146760108554262,384,402653184,search_evals/v52_1m_seed_confirm/top_aware_k1_a0p5_bsz1048576_lr0p02_s43/result.json
v52_1m_seed_confirm,top_aware_k1_a0p5_bsz1048576_lr0p02_s44,top_aware_muon,0.5,1048576,1M,0.02,44,1.0556637467804928,1.0556637467804928,384,402653184,search_evals/v52_1m_seed_confirm/top_aware_k1_a0p5_bsz1048576_lr0p02_s44/result.json
v42_d8_c05_vs_identity_0p4B,top_aware_k1_a0p5_bsz1048576_lr0p04_s42,top_aware_muon,0.5,1048576,1M,0.04,42,1.0239740201470586,1.0239740201470586,384,402653184,search_evals/v42_d8_c05_vs_identity_0p4B/top_aware_k1_a0p5_bsz1048576_lr0p04_s42/result.json
v42_d8_c05_vs_identity_0p4B,top_aware_k1_a0p5_bsz1048576_lr0p08_s42,top_aware_muon,0.5,1048576,1M,0.08,42,1.009856417484363,1.009856417484363,384,402653184,search_evals/v42_d8_c05_vs_identity_0p4B/top_aware_k1_a0p5_bsz1048576_lr0p08_s42/result.json
v58_262k_1m_best_metrics_20260502_095901,top_aware_k1_a0p5_bsz1048576_lr0p08_s42,top_aware_muon,0.5,1048576,1M,0.08,42,1.0102222286857956,1.0102222286857956,384,402653184,search_evals/v58_262k_1m_best_metrics_20260502_095901/top_aware_k1_a0p5_bsz1048576_lr0p08_s42/result.json
v52_1m_seed_confirm,top_aware_k1_a0p5_bsz1048576_lr0p08_s43,top_aware_muon,0.5,1048576,1M,0.08,43,1.0029473748682778,1.0029473748682778,384,402653184,search_evals/v52_1m_seed_confirm/top_aware_k1_a0p5_bsz1048576_lr0p08_s43/result.json
v52_1m_seed_confirm,top_aware_k1_a0p5_bsz1048576_lr0p08_s44,top_aware_muon,0.5,1048576,1M,0.08,44,1.0068223363430688,1.0068223363430688,384,402653184,search_evals/v52_1m_seed_confirm/top_aware_k1_a0p5_bsz1048576_lr0p08_s44/result.json
v47_1m_topaware_lr016_boundary,top_aware_k1_a0p5_bsz1048576_lr0p16_s42,top_aware_muon,0.5,1048576,1M,0.16,42,1.0227828333847784,1.0227828333847784,384,402653184,search_evals/v47_1m_topaware_lr016_boundary/top_aware_k1_a0p5_bsz1048576_lr0p16_s42/result.json
v55_1m_topaware_s43s44_lr016,top_aware_k1_a0p5_bsz1048576_lr0p16_s43,top_aware_muon,0.5,1048576,1M,0.16,43,1.0217700239601741,1.0217700239601741,384,402653184,search_evals/v55_1m_topaware_s43s44_lr016/top_aware_k1_a0p5_bsz1048576_lr0p16_s43/result.json
v55_1m_topaware_s43s44_lr016,top_aware_k1_a0p5_bsz1048576_lr0p16_s44,top_aware_muon,0.5,1048576,1M,0.16,44,1.0245117604395984,1.0245117604395984,384,402653184,search_evals/v55_1m_topaware_s43s44_lr016/top_aware_k1_a0p5_bsz1048576_lr0p16_s44/result.json
v44_d8_c05_transition_2m8m,streaming_identity_bsz2097152_lr0p01_s42,streaming_identity,1.0,2097152,2M,0.01,42,1.1141172468340115,1.1141172468340115,192,402653184,search_evals/v44_d8_c05_transition_2m8m/streaming_identity_bsz2097152_lr0p01_s42/result.json
v44_d8_c05_transition_2m8m,streaming_identity_bsz2097152_lr0p02_s42,streaming_identity,1.0,2097152,2M,0.02,42,1.080174908581694,1.080174908581694,192,402653184,search_evals/v44_d8_c05_transition_2m8m/streaming_identity_bsz2097152_lr0p02_s42/result.json
v44_d8_c05_transition_2m8m,streaming_identity_bsz2097152_lr0p04_s42,streaming_identity,1.0,2097152,2M,0.04,42,1.1158128458728565,1.1158128458728565,192,402653184,search_evals/v44_d8_c05_transition_2m8m/streaming_identity_bsz2097152_lr0p04_s42/result.json
v44_d8_c05_transition_2m8m,streaming_identity_bsz2097152_lr0p08_s42,streaming_identity,1.0,2097152,2M,0.08,42,1.0685247383365046,1.0685247383365046,192,402653184,search_evals/v44_d8_c05_transition_2m8m/streaming_identity_bsz2097152_lr0p08_s42/result.json
v46_2m_best_metrics,streaming_identity_bsz2097152_lr0p08_s42,streaming_identity,1.0,2097152,2M,0.08,42,1.0677657289987728,1.0677657289987728,192,402653184,search_evals/v46_2m_best_metrics/streaming_identity_bsz2097152_lr0p08_s42/result.json
v49_2m_seed_confirm,streaming_identity_bsz2097152_lr0p08_s43,streaming_identity,1.0,2097152,2M,0.08,43,1.0629758410332526,1.0629758410332526,192,402653184,search_evals/v49_2m_seed_confirm/streaming_identity_bsz2097152_lr0p08_s43/result.json
v49_2m_seed_confirm,streaming_identity_bsz2097152_lr0p08_s44,streaming_identity,1.0,2097152,2M,0.08,44,1.081494842918731,1.081494842918731,192,402653184,search_evals/v49_2m_seed_confirm/streaming_identity_bsz2097152_lr0p08_s44/result.json
v50_2m_seed_confirm_more,streaming_identity_bsz2097152_lr0p08_s45,streaming_identity,1.0,2097152,2M,0.08,45,1.0817732767565416,1.0817732767565416,192,402653184,search_evals/v50_2m_seed_confirm_more/streaming_identity_bsz2097152_lr0p08_s45/result.json
v50_2m_seed_confirm_more,streaming_identity_bsz2097152_lr0p08_s46,streaming_identity,1.0,2097152,2M,0.08,46,1.068683843386682,1.068683843386682,192,402653184,search_evals/v50_2m_seed_confirm_more/streaming_identity_bsz2097152_lr0p08_s46/result.json
v45_d8_2m_lr016_boundary,streaming_identity_bsz2097152_lr0p16_s42,streaming_identity,1.0,2097152,2M,0.16,42,1.0860514347724246,1.0860514347724246,192,402653184,search_evals/v45_d8_2m_lr016_boundary/streaming_identity_bsz2097152_lr0p16_s42/result.json
v44_d8_c05_transition_2m8m,top_aware_k1_a0p5_bsz2097152_lr0p01_s42,top_aware_muon,0.5,2097152,2M,0.01,42,1.213014873891157,1.213014873891157,192,402653184,search_evals/v44_d8_c05_transition_2m8m/top_aware_k1_a0p5_bsz2097152_lr0p01_s42/result.json
v44_d8_c05_transition_2m8m,top_aware_k1_a0p5_bsz2097152_lr0p02_s42,top_aware_muon,0.5,2097152,2M,0.02,42,1.0948790843255543,1.0948790843255543,192,402653184,search_evals/v44_d8_c05_transition_2m8m/top_aware_k1_a0p5_bsz2097152_lr0p02_s42/result.json
v44_d8_c05_transition_2m8m,top_aware_k1_a0p5_bsz2097152_lr0p04_s42,top_aware_muon,0.5,2097152,2M,0.04,42,1.0934748156176581,1.0934748156176581,192,402653184,search_evals/v44_d8_c05_transition_2m8m/top_aware_k1_a0p5_bsz2097152_lr0p04_s42/result.json
v44_d8_c05_transition_2m8m,top_aware_k1_a0p5_bsz2097152_lr0p08_s42,top_aware_muon,0.5,2097152,2M,0.08,42,1.0825410528115191,1.0825410528115191,192,402653184,search_evals/v44_d8_c05_transition_2m8m/top_aware_k1_a0p5_bsz2097152_lr0p08_s42/result.json
v46_2m_best_metrics,top_aware_k1_a0p5_bsz2097152_lr0p08_s42,top_aware_muon,0.5,2097152,2M,0.08,42,1.0833901202445928,1.0833901202445928,192,402653184,search_evals/v46_2m_best_metrics/top_aware_k1_a0p5_bsz2097152_lr0p08_s42/result.json
v49_2m_seed_confirm,top_aware_k1_a0p5_bsz2097152_lr0p08_s43,top_aware_muon,0.5,2097152,2M,0.08,43,1.0662482899409782,1.0662482899409782,192,402653184,search_evals/v49_2m_seed_confirm/top_aware_k1_a0p5_bsz2097152_lr0p08_s43/result.json
v49_2m_seed_confirm,top_aware_k1_a0p5_bsz2097152_lr0p08_s44,top_aware_muon,0.5,2097152,2M,0.08,44,1.0724025254474328,1.0724025254474328,192,402653184,search_evals/v49_2m_seed_confirm/top_aware_k1_a0p5_bsz2097152_lr0p08_s44/result.json
v50_2m_seed_confirm_more,top_aware_k1_a0p5_bsz2097152_lr0p08_s45,top_aware_muon,0.5,2097152,2M,0.08,45,1.0741800679342517,1.0741800679342517,192,402653184,search_evals/v50_2m_seed_confirm_more/top_aware_k1_a0p5_bsz2097152_lr0p08_s45/result.json
v50_2m_seed_confirm_more,top_aware_k1_a0p5_bsz2097152_lr0p08_s46,top_aware_muon,0.5,2097152,2M,0.08,46,1.0706159264345338,1.0706159264345338,192,402653184,search_evals/v50_2m_seed_confirm_more/top_aware_k1_a0p5_bsz2097152_lr0p08_s46/result.json
v45_d8_2m_lr016_boundary,top_aware_k1_a0p5_bsz2097152_lr0p16_s42,top_aware_muon,0.5,2097152,2M,0.16,42,1.0892244792498937,1.0892244792498937,192,402653184,search_evals/v45_d8_2m_lr016_boundary/top_aware_k1_a0p5_bsz2097152_lr0p16_s42/result.json
v42_d8_c05_vs_identity_0p4B,streaming_identity_bsz4194304_lr0p005_s42,streaming_identity,1.0,4194304,4M,0.005,42,1.5885742301876973,1.5885742301876973,96,402653184,search_evals/v42_d8_c05_vs_identity_0p4B/streaming_identity_bsz4194304_lr0p005_s42/result.json
v42_d8_c05_vs_identity_0p4B,streaming_identity_bsz4194304_lr0p01_s42,streaming_identity,1.0,4194304,4M,0.01,42,1.4341679955494888,1.4341679955494888,96,402653184,search_evals/v42_d8_c05_vs_identity_0p4B/streaming_identity_bsz4194304_lr0p01_s42/result.json
v42_d8_c05_vs_identity_0p4B,streaming_identity_bsz4194304_lr0p02_s42,streaming_identity,1.0,4194304,4M,0.02,42,1.2071547943517884,1.2071547943517884,96,402653184,search_evals/v42_d8_c05_vs_identity_0p4B/streaming_identity_bsz4194304_lr0p02_s42/result.json
v43_4m_best_metrics,streaming_identity_bsz4194304_lr0p02_s42,streaming_identity,1.0,4194304,4M,0.02,42,1.2066424123322734,1.2066424123322734,96,402653184,search_evals/v43_4m_best_metrics/streaming_identity_bsz4194304_lr0p02_s42/result.json
v51_4m_seed_confirm,streaming_identity_bsz4194304_lr0p02_s43,streaming_identity,1.0,4194304,4M,0.02,43,1.2515662593962247,1.2515662593962247,96,402653184,search_evals/v51_4m_seed_confirm/streaming_identity_bsz4194304_lr0p02_s43/result.json
v51_4m_seed_confirm,streaming_identity_bsz4194304_lr0p02_s44,streaming_identity,1.0,4194304,4M,0.02,44,1.2236286877439337,1.2236286877439337,96,402653184,search_evals/v51_4m_seed_confirm/streaming_identity_bsz4194304_lr0p02_s44/result.json
v42_d8_c05_vs_identity_0p4B,streaming_identity_bsz4194304_lr0p04_s42,streaming_identity,1.0,4194304,4M,0.04,42,1.2068139791623371,1.2068139791623371,96,402653184,search_evals/v42_d8_c05_vs_identity_0p4B/streaming_identity_bsz4194304_lr0p04_s42/result.json
v43_4m_best_metrics,streaming_identity_bsz4194304_lr0p04_s42,streaming_identity,1.0,4194304,4M,0.04,42,1.2068696224585742,1.2068696224585742,96,402653184,search_evals/v43_4m_best_metrics/streaming_identity_bsz4194304_lr0p04_s42/result.json
v51_4m_seed_confirm,streaming_identity_bsz4194304_lr0p04_s43,streaming_identity,1.0,4194304,4M,0.04,43,1.228648611471892,1.228648611471892,96,402653184,search_evals/v51_4m_seed_confirm/streaming_identity_bsz4194304_lr0p04_s43/result.json
v51_4m_seed_confirm,streaming_identity_bsz4194304_lr0p04_s44,streaming_identity,1.0,4194304,4M,0.04,44,1.2095363709020541,1.2095363709020541,96,402653184,search_evals/v51_4m_seed_confirm/streaming_identity_bsz4194304_lr0p04_s44/result.json
v42_d8_c05_vs_identity_0p4B,streaming_identity_bsz4194304_lr0p08_s42,streaming_identity,1.0,4194304,4M,0.08,42,1.242935462493975,1.242935462493975,96,402653184,search_evals/v42_d8_c05_vs_identity_0p4B/streaming_identity_bsz4194304_lr0p08_s42/result.json
v42_d8_c05_vs_identity_0p4B,top_aware_k1_a0p5_bsz4194304_lr0p005_s42,top_aware_muon,0.5,4194304,4M,0.005,42,1.6108592254261695,1.6108592254261695,96,402653184,search_evals/v42_d8_c05_vs_identity_0p4B/top_aware_k1_a0p5_bsz4194304_lr0p005_s42/result.json
v42_d8_c05_vs_identity_0p4B,top_aware_k1_a0p5_bsz4194304_lr0p01_s42,top_aware_muon,0.5,4194304,4M,0.01,42,1.4617122966132718,1.4617122966132718,96,402653184,search_evals/v42_d8_c05_vs_identity_0p4B/top_aware_k1_a0p5_bsz4194304_lr0p01_s42/result.json
v42_d8_c05_vs_identity_0p4B,top_aware_k1_a0p5_bsz4194304_lr0p02_s42,top_aware_muon,0.5,4194304,4M,0.02,42,1.174487687423776,1.174487687423776,96,402653184,search_evals/v42_d8_c05_vs_identity_0p4B/top_aware_k1_a0p5_bsz4194304_lr0p02_s42/result.json
v43_4m_best_metrics,top_aware_k1_a0p5_bsz4194304_lr0p02_s42,top_aware_muon,0.5,4194304,4M,0.02,42,1.1766477051200148,1.1766477051200148,96,402653184,search_evals/v43_4m_best_metrics/top_aware_k1_a0p5_bsz4194304_lr0p02_s42/result.json
v51_4m_seed_confirm,top_aware_k1_a0p5_bsz4194304_lr0p02_s43,top_aware_muon,0.5,4194304,4M,0.02,43,1.2103514582492747,1.2103514582492747,96,402653184,search_evals/v51_4m_seed_confirm/top_aware_k1_a0p5_bsz4194304_lr0p02_s43/result.json
v51_4m_seed_confirm,top_aware_k1_a0p5_bsz4194304_lr0p02_s44,top_aware_muon,0.5,4194304,4M,0.02,44,1.191445706474066,1.191445706474066,96,402653184,search_evals/v51_4m_seed_confirm/top_aware_k1_a0p5_bsz4194304_lr0p02_s44/result.json
v42_d8_c05_vs_identity_0p4B,top_aware_k1_a0p5_bsz4194304_lr0p04_s42,top_aware_muon,0.5,4194304,4M,0.04,42,1.1758053032901363,1.1758053032901363,96,402653184,search_evals/v42_d8_c05_vs_identity_0p4B/top_aware_k1_a0p5_bsz4194304_lr0p04_s42/result.json
v43_4m_best_metrics,top_aware_k1_a0p5_bsz4194304_lr0p04_s42,top_aware_muon,0.5,4194304,4M,0.04,42,1.1773144827961457,1.1773144827961457,96,402653184,search_evals/v43_4m_best_metrics/top_aware_k1_a0p5_bsz4194304_lr0p04_s42/result.json
v51_4m_seed_confirm,top_aware_k1_a0p5_bsz4194304_lr0p04_s43,top_aware_muon,0.5,4194304,4M,0.04,43,1.2033467062655736,1.2033467062655736,96,402653184,search_evals/v51_4m_seed_confirm/top_aware_k1_a0p5_bsz4194304_lr0p04_s43/result.json
v51_4m_seed_confirm,top_aware_k1_a0p5_bsz4194304_lr0p04_s44,top_aware_muon,0.5,4194304,4M,0.04,44,1.192612114580991,1.192612114580991,96,402653184,search_evals/v51_4m_seed_confirm/top_aware_k1_a0p5_bsz4194304_lr0p04_s44/result.json
v44_d8_c05_transition_2m8m,streaming_identity_bsz8388608_lr0p01_s42,streaming_identity,1.0,8388608,8M,0.01,42,1.4750621956731989,1.4750621956731989,48,402653184,search_evals/v44_d8_c05_transition_2m8m/streaming_identity_bsz8388608_lr0p01_s42/result.json
v44_d8_c05_transition_2m8m,streaming_identity_bsz8388608_lr0p02_s42,streaming_identity,1.0,8388608,8M,0.02,42,1.4564454557582625,1.4564454557582625,48,402653184,search_evals/v44_d8_c05_transition_2m8m/streaming_identity_bsz8388608_lr0p02_s42/result.json
v48_8m_best_metrics,streaming_identity_bsz8388608_lr0p02_s42,streaming_identity,1.0,8388608,8M,0.02,42,1.4504627870818718,1.4504627870818718,48,402653184,search_evals/v48_8m_best_metrics/streaming_identity_bsz8388608_lr0p02_s42/result.json
v44_d8_c05_transition_2m8m,streaming_identity_bsz8388608_lr0p04_s42,streaming_identity,1.0,8388608,8M,0.04,42,1.4891495133126822,1.4891495133126822,48,402653184,search_evals/v44_d8_c05_transition_2m8m/streaming_identity_bsz8388608_lr0p04_s42/result.json
v44_d8_c05_transition_2m8m,streaming_identity_bsz8388608_lr0p08_s42,streaming_identity,1.0,8388608,8M,0.08,42,1.5809823979573714,1.5809823979573714,48,402653184,search_evals/v44_d8_c05_transition_2m8m/streaming_identity_bsz8388608_lr0p08_s42/result.json
v44_d8_c05_transition_2m8m,top_aware_k1_a0p5_bsz8388608_lr0p01_s42,top_aware_muon,0.5,8388608,8M,0.01,42,1.434975113153759,1.434975113153759,48,402653184,search_evals/v44_d8_c05_transition_2m8m/top_aware_k1_a0p5_bsz8388608_lr0p01_s42/result.json
v44_d8_c05_transition_2m8m,top_aware_k1_a0p5_bsz8388608_lr0p02_s42,top_aware_muon,0.5,8388608,8M,0.02,42,1.421837209256318,1.421837209256318,48,402653184,search_evals/v44_d8_c05_transition_2m8m/top_aware_k1_a0p5_bsz8388608_lr0p02_s42/result.json
v48_8m_best_metrics,top_aware_k1_a0p5_bsz8388608_lr0p02_s42,top_aware_muon,0.5,8388608,8M,0.02,42,1.4286259812060578,1.4286259812060578,48,402653184,search_evals/v48_8m_best_metrics/top_aware_k1_a0p5_bsz8388608_lr0p02_s42/result.json
v44_d8_c05_transition_2m8m,top_aware_k1_a0p5_bsz8388608_lr0p04_s42,top_aware_muon,0.5,8388608,8M,0.04,42,1.4476868531599685,1.4476868531599685,48,402653184,search_evals/v44_d8_c05_transition_2m8m/top_aware_k1_a0p5_bsz8388608_lr0p04_s42/result.json
v44_d8_c05_transition_2m8m,top_aware_k1_a0p5_bsz8388608_lr0p08_s42,top_aware_muon,0.5,8388608,8M,0.08,42,1.5367538022875469,1.5367538022875469,48,402653184,search_evals/v44_d8_c05_transition_2m8m/top_aware_k1_a0p5_bsz8388608_lr0p08_s42/result.json
