family,batch_label,batch,optimizer,lr,seed,score,path
native_single_gpu,128K,131072,lite,0.005,42,0.8977014798571469,sweep_results_v18_128k_clean/lite_bsz131072_lr0.005_s42.json
native_single_gpu,128K,131072,lite,0.005,43,0.8979153235889954,sweep_results_v18_128k_clean/lite_bsz131072_lr0.005_s43.json
native_single_gpu,128K,131072,lite,0.005,44,0.8968798089536386,sweep_results_v18_128k_clean/lite_bsz131072_lr0.005_s44.json
native_single_gpu,128K,131072,lite,0.01,42,0.8943403154023214,sweep_results_v18_128k_clean/lite_bsz131072_lr0.01_s42.json
native_single_gpu,128K,131072,lite,0.01,43,0.8934862395593598,sweep_results_v18_128k_clean/lite_bsz131072_lr0.01_s43.json
native_single_gpu,128K,131072,lite,0.01,44,0.8929044662477058,sweep_results_v18_128k_clean/lite_bsz131072_lr0.01_s44.json
native_single_gpu,128K,131072,lite,0.02,42,0.8956964152070576,sweep_results_v18_128k_clean/lite_bsz131072_lr0.02_s42.json
native_single_gpu,128K,131072,lite,0.02,43,0.8956872494446732,sweep_results_v18_128k_clean/lite_bsz131072_lr0.02_s43.json
native_single_gpu,128K,131072,lite,0.02,44,0.8952013196955891,sweep_results_v18_128k_clean/lite_bsz131072_lr0.02_s44.json
native_single_gpu,128K,131072,lite,0.04,42,0.9031678828060732,sweep_results_v18_128k_clean/lite_bsz131072_lr0.04_s42.json
native_single_gpu,128K,131072,lite,0.04,43,0.9040249898460437,sweep_results_v18_128k_clean/lite_bsz131072_lr0.04_s43.json
native_single_gpu,128K,131072,lite,0.04,44,0.9035341524446595,sweep_results_v18_128k_clean/lite_bsz131072_lr0.04_s44.json
native_single_gpu,128K,131072,muon,0.005,42,0.8974191455071667,sweep_results_v18_128k_clean/muon_bsz131072_lr0.005_s42.json
native_single_gpu,128K,131072,muon,0.005,43,0.8972915465473598,sweep_results_v18_128k_clean/muon_bsz131072_lr0.005_s43.json
native_single_gpu,128K,131072,muon,0.005,44,0.8963880333246087,sweep_results_v18_128k_clean/muon_bsz131072_lr0.005_s44.json
native_single_gpu,128K,131072,muon,0.01,42,0.8941372973740764,sweep_results_v18_128k_clean/muon_bsz131072_lr0.01_s42.json
native_single_gpu,128K,131072,muon,0.01,43,0.8935543693207048,sweep_results_v18_128k_clean/muon_bsz131072_lr0.01_s43.json
native_single_gpu,128K,131072,muon,0.01,44,0.8934127691175705,sweep_results_v18_128k_clean/muon_bsz131072_lr0.01_s44.json
native_single_gpu,128K,131072,muon,0.02,42,0.896160404863505,sweep_results_v18_128k_clean/muon_bsz131072_lr0.02_s42.json
native_single_gpu,128K,131072,muon,0.02,43,0.8962210288036848,sweep_results_v18_128k_clean/muon_bsz131072_lr0.02_s43.json
native_single_gpu,128K,131072,muon,0.02,44,0.8955698266462535,sweep_results_v18_128k_clean/muon_bsz131072_lr0.02_s44.json
native_single_gpu,128K,131072,muon,0.04,42,0.9044174576873506,sweep_results_v18_128k_clean/muon_bsz131072_lr0.04_s42.json
native_single_gpu,128K,131072,muon,0.04,43,0.9047090299710724,sweep_results_v18_128k_clean/muon_bsz131072_lr0.04_s43.json
native_single_gpu,128K,131072,muon,0.04,44,0.903878048962465,sweep_results_v18_128k_clean/muon_bsz131072_lr0.04_s44.json
native_single_gpu,256K,262144,lite,0.01,42,0.8917134223372449,sweep_results_v13_256k_clean/lite_bsz262144_lr0.01_s42.json
native_single_gpu,256K,262144,lite,0.01,43,0.8931738097533618,sweep_results_v13_256k_clean/lite_bsz262144_lr0.01_s43.json
native_single_gpu,256K,262144,lite,0.01,44,0.8920145934114952,sweep_results_v13_256k_clean/lite_bsz262144_lr0.01_s44.json
native_single_gpu,256K,262144,muon,0.01,42,0.8923268067034212,sweep_results_v13_256k_clean/muon_bsz262144_lr0.01_s42.json
native_single_gpu,256K,262144,muon,0.01,43,0.8927622886737128,sweep_results_v13_256k_clean/muon_bsz262144_lr0.01_s43.json
native_single_gpu,256K,262144,muon,0.01,44,0.8916302087622124,sweep_results_v13_256k_clean/muon_bsz262144_lr0.01_s44.json
native_single_gpu,1M,1048576,lite,0.02,42,0.9067979577384105,sweep_results_v9/lite_bsz1048576_lr0.02_s42.json
native_single_gpu,1M,1048576,lite,0.02,43,0.9094053645370006,sweep_results_v9/lite_bsz1048576_lr0.02_s43.json
native_single_gpu,1M,1048576,lite,0.02,44,0.9156320927356818,sweep_results_v9/lite_bsz1048576_lr0.02_s44.json
native_single_gpu,16M,16777216,lite,0.04,42,1.3061003544155716,sweep_results_v9/lite_bsz16777216_lr0.04_s42.json
native_single_gpu,16M,16777216,lite,0.04,43,1.321658478263713,sweep_results_v9/lite_bsz16777216_lr0.04_s43.json
native_single_gpu,16M,16777216,lite,0.04,44,1.295139257345635,sweep_results_v9/lite_bsz16777216_lr0.04_s44.json
native_single_gpu,4M,4194304,lite,0.04,42,0.9692887544189571,sweep_results_v9/lite_bsz4194304_lr0.04_s42.json
native_single_gpu,4M,4194304,lite,0.04,43,0.9786673501361288,sweep_results_v9/lite_bsz4194304_lr0.04_s43.json
native_single_gpu,4M,4194304,lite,0.04,44,0.9970937080683483,sweep_results_v9/lite_bsz4194304_lr0.04_s44.json
native_single_gpu,512K,524288,lite,0.01,42,0.8969381234103829,sweep_results_v9/lite_bsz524288_lr0.01_s42.json
native_single_gpu,512K,524288,lite,0.01,43,0.8962854056544471,sweep_results_v9/lite_bsz524288_lr0.01_s43.json
native_single_gpu,512K,524288,lite,0.01,44,0.8962882925087414,sweep_results_v9/lite_bsz524288_lr0.01_s44.json
native_single_gpu,1M,1048576,muon,0.01,42,0.9100220687856153,sweep_results_v9/muon_bsz1048576_lr0.01_s42.json
native_single_gpu,1M,1048576,muon,0.01,43,0.9143611551326268,sweep_results_v9/muon_bsz1048576_lr0.01_s43.json
native_single_gpu,1M,1048576,muon,0.01,44,0.9219543036401462,sweep_results_v9/muon_bsz1048576_lr0.01_s44.json
native_single_gpu,16M,16777216,muon,0.04,42,1.325997853296154,sweep_results_v9/muon_bsz16777216_lr0.04_s42.json
native_single_gpu,16M,16777216,muon,0.04,43,1.3440050399848447,sweep_results_v9/muon_bsz16777216_lr0.04_s43.json
native_single_gpu,16M,16777216,muon,0.04,44,1.328669348260077,sweep_results_v9/muon_bsz16777216_lr0.04_s44.json
native_single_gpu,4M,4194304,muon,0.04,42,0.9794753806530967,sweep_results_v9/muon_bsz4194304_lr0.04_s42.json
native_single_gpu,4M,4194304,muon,0.04,43,0.9892503414648726,sweep_results_v9/muon_bsz4194304_lr0.04_s43.json
native_single_gpu,4M,4194304,muon,0.04,44,1.0134612336892475,sweep_results_v9/muon_bsz4194304_lr0.04_s44.json
native_single_gpu,512K,524288,muon,0.01,42,0.900373985220073,sweep_results_v9/muon_bsz524288_lr0.01_s42.json
native_single_gpu,512K,524288,muon,0.01,43,0.8985045305504571,sweep_results_v9/muon_bsz524288_lr0.01_s43.json
native_single_gpu,512K,524288,muon,0.01,44,0.8978988685195181,sweep_results_v9/muon_bsz524288_lr0.01_s44.json
streaming_ddp_top1_old,1M,1048576,identity,0.005,42,0.9745478479336864,search_evals/ddp8_top1_damp_adaptive_20260429_171235/identity_bsz1048576_lr0p005/result.json
streaming_ddp_top1_old,1M,1048576,identity,0.01,42,0.934978943610453,search_evals/ddp8_top1_damp_adaptive_20260429_171235/identity_bsz1048576_lr0p01/result.json
streaming_ddp_top1_old,1M,1048576,identity,0.02,42,0.9372708967786287,search_evals/ddp8_top1_damp_adaptive_20260429_171235/identity_bsz1048576_lr0p02/result.json
streaming_ddp_top1_old,1M,1048576,identity,0.04,42,0.9427686428225797,search_evals/ddp8_top1_damp_adaptive_20260429_171235/identity_bsz1048576_lr0p04/result.json
streaming_ddp_top1_old,128K,131072,identity,0.005,42,0.9200448045563637,search_evals/ddp8_top1_damp_adaptive_20260429_171235/identity_bsz131072_lr0p005/result.json
streaming_ddp_top1_old,128K,131072,identity,0.01,42,0.916967759255345,search_evals/ddp8_top1_damp_adaptive_20260429_171235/identity_bsz131072_lr0p01/result.json
streaming_ddp_top1_old,128K,131072,identity,0.02,42,0.9196062513374547,search_evals/ddp8_top1_damp_adaptive_20260429_171235/identity_bsz131072_lr0p02/result.json
streaming_ddp_top1_old,128K,131072,identity,0.04,42,0.9274729672473677,search_evals/ddp8_top1_damp_adaptive_20260429_171235/identity_bsz131072_lr0p04/result.json
streaming_ddp_top1_old,8M,8388608,identity,0.01,42,1.1154935489893718,search_evals/ddp8_top1_damp_adaptive_20260429_171235/identity_bsz8388608_lr0p01/result.json
streaming_ddp_top1_old,8M,8388608,identity,0.02,42,1.0985011151399768,search_evals/ddp8_top1_damp_adaptive_20260429_171235/identity_bsz8388608_lr0p02/result.json
streaming_ddp_top1_old,8M,8388608,identity,0.04,42,1.1036631176490814,search_evals/ddp8_top1_damp_adaptive_20260429_171235/identity_bsz8388608_lr0p04/result.json
streaming_ddp_top1_old,1M,1048576,top1_damp_a05,0.01,42,0.9423113244816325,search_evals/ddp8_top1_damp_adaptive_20260429_171235/top1_damp_a05_bsz1048576_lr0p01/result.json
streaming_ddp_top1_old,1M,1048576,top1_damp_a05,0.02,42,0.9331610452434207,search_evals/ddp8_top1_damp_adaptive_20260429_171235/top1_damp_a05_bsz1048576_lr0p02/result.json
streaming_ddp_top1_old,1M,1048576,top1_damp_a05,0.04,42,0.9375381005240998,search_evals/ddp8_top1_damp_adaptive_20260429_171235/top1_damp_a05_bsz1048576_lr0p04/result.json
streaming_ddp_top1_old,128K,131072,top1_damp_a05,0.005,42,0.9204706786387604,search_evals/ddp8_top1_damp_adaptive_20260429_171235/top1_damp_a05_bsz131072_lr0p005/result.json
streaming_ddp_top1_old,128K,131072,top1_damp_a05,0.01,42,0.917040211463987,search_evals/ddp8_top1_damp_adaptive_20260429_171235/top1_damp_a05_bsz131072_lr0p01/result.json
streaming_ddp_top1_old,128K,131072,top1_damp_a05,0.02,42,0.9198999001390801,search_evals/ddp8_top1_damp_adaptive_20260429_171235/top1_damp_a05_bsz131072_lr0p02/result.json
streaming_ddp_top1_old,128K,131072,top1_damp_a05,0.04,42,0.9278625427732348,search_evals/ddp8_top1_damp_adaptive_20260429_171235/top1_damp_a05_bsz131072_lr0p04/result.json
streaming_ddp_top1_old,8M,8388608,top1_damp_a05,0.01,42,1.099640353668661,search_evals/ddp8_top1_damp_adaptive_20260429_171235/top1_damp_a05_bsz8388608_lr0p01/result.json
streaming_ddp_top1_old,8M,8388608,top1_damp_a05,0.02,42,1.0831203082196106,search_evals/ddp8_top1_damp_adaptive_20260429_171235/top1_damp_a05_bsz8388608_lr0p02/result.json
streaming_ddp_top1_old,8M,8388608,top1_damp_a05,0.04,42,1.0878700576615432,search_evals/ddp8_top1_damp_adaptive_20260429_171235/top1_damp_a05_bsz8388608_lr0p04/result.json
