source,batch_label,batch,method,lr,seed,score,status,path
ddp_top1_official,128K,131072,streaming_identity,0.005,42,0.9200448045563637,complete,search_evals/ddp8_top1_damp_adaptive_20260429_171235/identity_bsz131072_lr0p005/result.json
ddp_top1_official,128K,131072,streaming_identity,0.01,42,0.916967759255345,complete,search_evals/ddp8_top1_damp_adaptive_20260429_171235/identity_bsz131072_lr0p01/result.json
ddp_top1_official,128K,131072,streaming_identity,0.02,42,0.9196062513374547,complete,search_evals/ddp8_top1_damp_adaptive_20260429_171235/identity_bsz131072_lr0p02/result.json
ddp_top1_official,128K,131072,streaming_identity,0.04,42,0.9274729672473677,complete,search_evals/ddp8_top1_damp_adaptive_20260429_171235/identity_bsz131072_lr0p04/result.json
ddp_top1_official,128K,131072,top_aware_k1_a0.5,0.005,42,0.9204706786387604,complete,search_evals/ddp8_top1_damp_adaptive_20260429_171235/top1_damp_a05_bsz131072_lr0p005/result.json
ddp_top1_official,128K,131072,top_aware_k1_a0.5,0.01,42,0.917040211463987,complete,search_evals/ddp8_top1_damp_adaptive_20260429_171235/top1_damp_a05_bsz131072_lr0p01/result.json
ddp_top1_official,128K,131072,top_aware_k1_a0.5,0.02,42,0.9198999001390801,complete,search_evals/ddp8_top1_damp_adaptive_20260429_171235/top1_damp_a05_bsz131072_lr0p02/result.json
ddp_top1_official,128K,131072,top_aware_k1_a0.5,0.04,42,0.9278625427732348,complete,search_evals/ddp8_top1_damp_adaptive_20260429_171235/top1_damp_a05_bsz131072_lr0p04/result.json
native_ddp_exact_control,128K,131072,native_muon,0.01,42,0.9166915714360024,complete,sweep_results_v21_exact_native_controls_top1/native_muon_bsz131072_lr0.01_s42.json
v28_topaware_k1_128k_alpha075_20260430,128K,131072,top_aware_k1_a0.75,0.005,42,0.9200442973909032,complete,/blue/yanjun.li/xd7812.princeton/sigma-search/search_evals/v28_topaware_k1_128k_alpha075_20260430/top_aware_k1_a0p75_bsz131072_lr0p005_s42/result.json
v28_topaware_k1_128k_alpha075_20260430,128K,131072,top_aware_k1_a0.75,0.01,42,0.9171825800539681,complete,/blue/yanjun.li/xd7812.princeton/sigma-search/search_evals/v28_topaware_k1_128k_alpha075_20260430/top_aware_k1_a0p75_bsz131072_lr0p01_s42/result.json
v28_topaware_k1_128k_alpha075_20260430,128K,131072,top_aware_k1_a0.75,0.02,42,0.9200913188743118,complete,/blue/yanjun.li/xd7812.princeton/sigma-search/search_evals/v28_topaware_k1_128k_alpha075_20260430/top_aware_k1_a0p75_bsz131072_lr0p02_s42/result.json
v28_topaware_k1_128k_alpha075_20260430,128K,131072,top_aware_k1_a0.75,0.04,42,0.9282729845351908,complete,/blue/yanjun.li/xd7812.princeton/sigma-search/search_evals/v28_topaware_k1_128k_alpha075_20260430/top_aware_k1_a0p75_bsz131072_lr0p04_s42/result.json
v29_topaware_k1_256k_alpha_sweep_20260430,256K,262144,native_muon,0.005,42,0.9201046338722683,complete,/blue/yanjun.li/xd7812.princeton/sigma-search/search_evals/v29_topaware_k1_256k_alpha_sweep_20260430/native_muon_bsz262144_lr0p005_s42/result.json
v29_topaware_k1_256k_alpha_sweep_20260430,256K,262144,native_muon,0.01,42,0.9139455472482194,complete,/blue/yanjun.li/xd7812.princeton/sigma-search/search_evals/v29_topaware_k1_256k_alpha_sweep_20260430/native_muon_bsz262144_lr0p01_s42/result.json
v29_topaware_k1_256k_alpha_sweep_20260430,256K,262144,native_muon,0.02,42,0.9157946651935295,complete,/blue/yanjun.li/xd7812.princeton/sigma-search/search_evals/v29_topaware_k1_256k_alpha_sweep_20260430/native_muon_bsz262144_lr0p02_s42/result.json
v29_topaware_k1_256k_alpha_sweep_20260430,256K,262144,native_muon,0.04,42,0.9230938456628639,complete,/blue/yanjun.li/xd7812.princeton/sigma-search/search_evals/v29_topaware_k1_256k_alpha_sweep_20260430/native_muon_bsz262144_lr0p04_s42/result.json
v29_topaware_k1_256k_alpha_sweep_20260430,256K,262144,streaming_identity,0.005,42,0.921769456930874,complete,/blue/yanjun.li/xd7812.princeton/sigma-search/search_evals/v29_topaware_k1_256k_alpha_sweep_20260430/streaming_identity_bsz262144_lr0p005_s42/result.json
v29_topaware_k1_256k_alpha_sweep_20260430,256K,262144,streaming_identity,0.01,42,0.9151188513430142,complete,/blue/yanjun.li/xd7812.princeton/sigma-search/search_evals/v29_topaware_k1_256k_alpha_sweep_20260430/streaming_identity_bsz262144_lr0p01_s42/result.json
v29_topaware_k1_256k_alpha_sweep_20260430,256K,262144,streaming_identity,0.02,42,0.9171296174894509,complete,/blue/yanjun.li/xd7812.princeton/sigma-search/search_evals/v29_topaware_k1_256k_alpha_sweep_20260430/streaming_identity_bsz262144_lr0p02_s42/result.json
v29_topaware_k1_256k_alpha_sweep_20260430,256K,262144,streaming_identity,0.04,42,0.9240845948058151,complete,/blue/yanjun.li/xd7812.princeton/sigma-search/search_evals/v29_topaware_k1_256k_alpha_sweep_20260430/streaming_identity_bsz262144_lr0p04_s42/result.json
v29_topaware_k1_256k_alpha_sweep_20260430,256K,262144,streaming_lite,0.005,42,0.9179903497281159,complete,/blue/yanjun.li/xd7812.princeton/sigma-search/search_evals/v29_topaware_k1_256k_alpha_sweep_20260430/streaming_lite_bsz262144_lr0p005_s42/result.json
v29_topaware_k1_256k_alpha_sweep_20260430,256K,262144,streaming_lite,0.01,42,0.9140201135989607,complete,/blue/yanjun.li/xd7812.princeton/sigma-search/search_evals/v29_topaware_k1_256k_alpha_sweep_20260430/streaming_lite_bsz262144_lr0p01_s42/result.json
v29_topaware_k1_256k_alpha_sweep_20260430,256K,262144,streaming_lite,0.02,42,0.9168554583319503,complete,/blue/yanjun.li/xd7812.princeton/sigma-search/search_evals/v29_topaware_k1_256k_alpha_sweep_20260430/streaming_lite_bsz262144_lr0p02_s42/result.json
v29_topaware_k1_256k_alpha_sweep_20260430,256K,262144,streaming_lite,0.04,42,0.9260505130351026,complete,/blue/yanjun.li/xd7812.princeton/sigma-search/search_evals/v29_topaware_k1_256k_alpha_sweep_20260430/streaming_lite_bsz262144_lr0p04_s42/result.json
v29_topaware_k1_256k_alpha_sweep_20260430,256K,262144,top_aware_k1_a0.25,0.005,42,0.9249482251328257,complete,/blue/yanjun.li/xd7812.princeton/sigma-search/search_evals/v29_topaware_k1_256k_alpha_sweep_20260430/top_aware_k1_a0p25_bsz262144_lr0p005_s42/result.json
v29_topaware_k1_256k_alpha_sweep_20260430,256K,262144,top_aware_k1_a0.25,0.01,42,0.9216520843528742,complete,/blue/yanjun.li/xd7812.princeton/sigma-search/search_evals/v29_topaware_k1_256k_alpha_sweep_20260430/top_aware_k1_a0p25_bsz262144_lr0p01_s42/result.json
v29_topaware_k1_256k_alpha_sweep_20260430,256K,262144,top_aware_k1_a0.25,0.02,42,0.9204423498251815,complete,/blue/yanjun.li/xd7812.princeton/sigma-search/search_evals/v29_topaware_k1_256k_alpha_sweep_20260430/top_aware_k1_a0p25_bsz262144_lr0p02_s42/result.json
v29_topaware_k1_256k_alpha_sweep_20260430,256K,262144,top_aware_k1_a0.25,0.04,42,0.9293912119233688,complete,/blue/yanjun.li/xd7812.princeton/sigma-search/search_evals/v29_topaware_k1_256k_alpha_sweep_20260430/top_aware_k1_a0p25_bsz262144_lr0p04_s42/result.json
v29_topaware_k1_256k_alpha_sweep_20260430,256K,262144,top_aware_k1_a0.5,0.005,42,0.9235619970248815,complete,/blue/yanjun.li/xd7812.princeton/sigma-search/search_evals/v29_topaware_k1_256k_alpha_sweep_20260430/top_aware_k1_a0p5_bsz262144_lr0p005_s42/result.json
v29_topaware_k1_256k_alpha_sweep_20260430,256K,262144,top_aware_k1_a0.5,0.01,42,0.9167475769932826,complete,/blue/yanjun.li/xd7812.princeton/sigma-search/search_evals/v29_topaware_k1_256k_alpha_sweep_20260430/top_aware_k1_a0p5_bsz262144_lr0p01_s42/result.json
v29_topaware_k1_256k_alpha_sweep_20260430,256K,262144,top_aware_k1_a0.5,0.02,42,0.918039472325575,complete,/blue/yanjun.li/xd7812.princeton/sigma-search/search_evals/v29_topaware_k1_256k_alpha_sweep_20260430/top_aware_k1_a0p5_bsz262144_lr0p02_s42/result.json
v29_topaware_k1_256k_alpha_sweep_20260430,256K,262144,top_aware_k1_a0.5,0.04,42,0.9252080387530154,complete,/blue/yanjun.li/xd7812.princeton/sigma-search/search_evals/v29_topaware_k1_256k_alpha_sweep_20260430/top_aware_k1_a0p5_bsz262144_lr0p04_s42/result.json
v29_topaware_k1_256k_alpha_sweep_20260430,256K,262144,top_aware_k1_a0.75,0.005,42,0.9229107965736087,complete,/blue/yanjun.li/xd7812.princeton/sigma-search/search_evals/v29_topaware_k1_256k_alpha_sweep_20260430/top_aware_k1_a0p75_bsz262144_lr0p005_s42/result.json
v29_topaware_k1_256k_alpha_sweep_20260430,256K,262144,top_aware_k1_a0.75,0.01,42,0.9162922148619687,complete,/blue/yanjun.li/xd7812.princeton/sigma-search/search_evals/v29_topaware_k1_256k_alpha_sweep_20260430/top_aware_k1_a0p75_bsz262144_lr0p01_s42/result.json
v29_topaware_k1_256k_alpha_sweep_20260430,256K,262144,top_aware_k1_a0.75,0.02,42,0.917436669949675,complete,/blue/yanjun.li/xd7812.princeton/sigma-search/search_evals/v29_topaware_k1_256k_alpha_sweep_20260430/top_aware_k1_a0p75_bsz262144_lr0p02_s42/result.json
v29_topaware_k1_256k_alpha_sweep_20260430,256K,262144,top_aware_k1_a0.75,0.04,42,0.9243464370878467,complete,/blue/yanjun.li/xd7812.princeton/sigma-search/search_evals/v29_topaware_k1_256k_alpha_sweep_20260430/top_aware_k1_a0p75_bsz262144_lr0p04_s42/result.json
v29_topaware_k1_256k_alpha_sweep_20260430,256K,262144,top_aware_k1_a0.875,0.005,42,0.9218632100888564,complete,/blue/yanjun.li/xd7812.princeton/sigma-search/search_evals/v29_topaware_k1_256k_alpha_sweep_20260430/top_aware_k1_a0p875_bsz262144_lr0p005_s42/result.json
v29_topaware_k1_256k_alpha_sweep_20260430,256K,262144,top_aware_k1_a0.875,0.01,42,0.9160228375502383,complete,/blue/yanjun.li/xd7812.princeton/sigma-search/search_evals/v29_topaware_k1_256k_alpha_sweep_20260430/top_aware_k1_a0p875_bsz262144_lr0p01_s42/result.json
v29_topaware_k1_256k_alpha_sweep_20260430,256K,262144,top_aware_k1_a0.875,0.02,42,0.9170860737120572,complete,/blue/yanjun.li/xd7812.princeton/sigma-search/search_evals/v29_topaware_k1_256k_alpha_sweep_20260430/top_aware_k1_a0p875_bsz262144_lr0p02_s42/result.json
v29_topaware_k1_256k_alpha_sweep_20260430,256K,262144,top_aware_k1_a0.875,0.04,42,0.9245332188817253,complete,/blue/yanjun.li/xd7812.princeton/sigma-search/search_evals/v29_topaware_k1_256k_alpha_sweep_20260430/top_aware_k1_a0p875_bsz262144_lr0p04_s42/result.json
v31_topaware_k1_512k_alpha_sweep_20260501,512K,524288,native_muon,0.005,42,0.9303771415785669,complete,/blue/yanjun.li/xd7812.princeton/sigma-search/search_evals/v31_topaware_k1_512k_alpha_sweep_20260501/native_muon_bsz524288_lr0p005_s42/result.json
v31_topaware_k1_512k_alpha_sweep_20260501,512K,524288,native_muon,0.01,42,0.9219397196211823,complete,/blue/yanjun.li/xd7812.princeton/sigma-search/search_evals/v31_topaware_k1_512k_alpha_sweep_20260501/native_muon_bsz524288_lr0p01_s42/result.json
v31_topaware_k1_512k_alpha_sweep_20260501,512K,524288,native_muon,0.02,42,0.9272390190656632,complete,/blue/yanjun.li/xd7812.princeton/sigma-search/search_evals/v31_topaware_k1_512k_alpha_sweep_20260501/native_muon_bsz524288_lr0p02_s42/result.json
v31_topaware_k1_512k_alpha_sweep_20260501,512K,524288,native_muon,0.04,42,0.9297546322019163,complete,/blue/yanjun.li/xd7812.princeton/sigma-search/search_evals/v31_topaware_k1_512k_alpha_sweep_20260501/native_muon_bsz524288_lr0p04_s42/result.json
v31_topaware_k1_512k_alpha_sweep_20260501,512K,524288,streaming_identity,0.005,42,0.9301705078795204,complete,/blue/yanjun.li/xd7812.princeton/sigma-search/search_evals/v31_topaware_k1_512k_alpha_sweep_20260501/streaming_identity_bsz524288_lr0p005_s42/result.json
v31_topaware_k1_512k_alpha_sweep_20260501,512K,524288,streaming_identity,0.01,42,0.9209642230840286,complete,/blue/yanjun.li/xd7812.princeton/sigma-search/search_evals/v31_topaware_k1_512k_alpha_sweep_20260501/streaming_identity_bsz524288_lr0p01_s42/result.json
v31_topaware_k1_512k_alpha_sweep_20260501,512K,524288,streaming_identity,0.02,42,0.9261747685729234,complete,/blue/yanjun.li/xd7812.princeton/sigma-search/search_evals/v31_topaware_k1_512k_alpha_sweep_20260501/streaming_identity_bsz524288_lr0p02_s42/result.json
v31_topaware_k1_512k_alpha_sweep_20260501,512K,524288,streaming_identity,0.04,42,0.9291921132540211,complete,/blue/yanjun.li/xd7812.princeton/sigma-search/search_evals/v31_topaware_k1_512k_alpha_sweep_20260501/streaming_identity_bsz524288_lr0p04_s42/result.json
v31_topaware_k1_512k_alpha_sweep_20260501,512K,524288,top_aware_k1_a0.25,0.005,42,0.9566917113050721,complete,/blue/yanjun.li/xd7812.princeton/sigma-search/search_evals/v31_topaware_k1_512k_alpha_sweep_20260501/top_aware_k1_a0p25_bsz524288_lr0p005_s42/result.json
v31_topaware_k1_512k_alpha_sweep_20260501,512K,524288,top_aware_k1_a0.25,0.01,42,0.9238973782986846,complete,/blue/yanjun.li/xd7812.princeton/sigma-search/search_evals/v31_topaware_k1_512k_alpha_sweep_20260501/top_aware_k1_a0p25_bsz524288_lr0p01_s42/result.json
v31_topaware_k1_512k_alpha_sweep_20260501,512K,524288,top_aware_k1_a0.25,0.02,42,0.9323046601372742,complete,/blue/yanjun.li/xd7812.princeton/sigma-search/search_evals/v31_topaware_k1_512k_alpha_sweep_20260501/top_aware_k1_a0p25_bsz524288_lr0p02_s42/result.json
v31_topaware_k1_512k_alpha_sweep_20260501,512K,524288,top_aware_k1_a0.25,0.04,42,0.9412548988274259,complete,/blue/yanjun.li/xd7812.princeton/sigma-search/search_evals/v31_topaware_k1_512k_alpha_sweep_20260501/top_aware_k1_a0p25_bsz524288_lr0p04_s42/result.json
v31_topaware_k1_512k_alpha_sweep_20260501,512K,524288,top_aware_k1_a0.5,0.005,42,0.931557460509551,complete,/blue/yanjun.li/xd7812.princeton/sigma-search/search_evals/v31_topaware_k1_512k_alpha_sweep_20260501/top_aware_k1_a0p5_bsz524288_lr0p005_s42/result.json
v31_topaware_k1_512k_alpha_sweep_20260501,512K,524288,top_aware_k1_a0.5,0.01,42,0.9222030109473867,complete,/blue/yanjun.li/xd7812.princeton/sigma-search/search_evals/v31_topaware_k1_512k_alpha_sweep_20260501/top_aware_k1_a0p5_bsz524288_lr0p01_s42/result.json
v31_topaware_k1_512k_alpha_sweep_20260501,512K,524288,top_aware_k1_a0.5,0.02,42,0.9227639359466917,complete,/blue/yanjun.li/xd7812.princeton/sigma-search/search_evals/v31_topaware_k1_512k_alpha_sweep_20260501/top_aware_k1_a0p5_bsz524288_lr0p02_s42/result.json
v31_topaware_k1_512k_alpha_sweep_20260501,512K,524288,top_aware_k1_a0.5,0.04,42,0.9294100494976157,complete,/blue/yanjun.li/xd7812.princeton/sigma-search/search_evals/v31_topaware_k1_512k_alpha_sweep_20260501/top_aware_k1_a0p5_bsz524288_lr0p04_s42/result.json
v31_topaware_k1_512k_alpha_sweep_20260501,512K,524288,top_aware_k1_a0.75,0.005,42,0.9310727552337371,complete,/blue/yanjun.li/xd7812.princeton/sigma-search/search_evals/v31_topaware_k1_512k_alpha_sweep_20260501/top_aware_k1_a0p75_bsz524288_lr0p005_s42/result.json
v31_topaware_k1_512k_alpha_sweep_20260501,512K,524288,top_aware_k1_a0.75,0.01,42,0.929372374349122,complete,/blue/yanjun.li/xd7812.princeton/sigma-search/search_evals/v31_topaware_k1_512k_alpha_sweep_20260501/top_aware_k1_a0p75_bsz524288_lr0p01_s42/result.json
v31_topaware_k1_512k_alpha_sweep_20260501,512K,524288,top_aware_k1_a0.75,0.02,42,0.9245234378335586,complete,/blue/yanjun.li/xd7812.princeton/sigma-search/search_evals/v31_topaware_k1_512k_alpha_sweep_20260501/top_aware_k1_a0p75_bsz524288_lr0p02_s42/result.json
v31_topaware_k1_512k_alpha_sweep_20260501,512K,524288,top_aware_k1_a0.75,0.04,42,0.9285073674301472,complete,/blue/yanjun.li/xd7812.princeton/sigma-search/search_evals/v31_topaware_k1_512k_alpha_sweep_20260501/top_aware_k1_a0p75_bsz524288_lr0p04_s42/result.json
v31_topaware_k1_512k_alpha_sweep_20260501,512K,524288,top_aware_k1_a0.875,0.005,42,0.9304600269052532,complete,/blue/yanjun.li/xd7812.princeton/sigma-search/search_evals/v31_topaware_k1_512k_alpha_sweep_20260501/top_aware_k1_a0p875_bsz524288_lr0p005_s42/result.json
v31_topaware_k1_512k_alpha_sweep_20260501,512K,524288,top_aware_k1_a0.875,0.01,42,0.9249701781520442,complete,/blue/yanjun.li/xd7812.princeton/sigma-search/search_evals/v31_topaware_k1_512k_alpha_sweep_20260501/top_aware_k1_a0p875_bsz524288_lr0p01_s42/result.json
v31_topaware_k1_512k_alpha_sweep_20260501,512K,524288,top_aware_k1_a0.875,0.02,42,0.9256745585244601,complete,/blue/yanjun.li/xd7812.princeton/sigma-search/search_evals/v31_topaware_k1_512k_alpha_sweep_20260501/top_aware_k1_a0p875_bsz524288_lr0p02_s42/result.json
v31_topaware_k1_512k_alpha_sweep_20260501,512K,524288,top_aware_k1_a0.875,0.04,42,0.9287302304239294,complete,/blue/yanjun.li/xd7812.princeton/sigma-search/search_evals/v31_topaware_k1_512k_alpha_sweep_20260501/top_aware_k1_a0p875_bsz524288_lr0p04_s42/result.json
